code,name,process,basis,other_processes
7731,ニコン,露光,ArF/KrF露光装置,
7751,キヤノン,露光,i線/KrF露光装置,
6925,ウシオ電機,露光,露光用光源,
6525,KOKUSAI ELECTRIC,成膜,バッチ式成膜装置（ALD/CVD）,
6728,アルバック,成膜,スパッタリング装置,エッチング
8035,東京エレクトロン,エッチング,エッチング装置,成膜;露光（塗布現像）;洗浄
6387,サムコ,エッチング,プラズマエッチング装置,成膜;洗浄
7735,SCREENホールディングス,洗浄,洗浄装置,露光（塗布現像）;検査
6590,芝浦メカトロニクス,洗浄,枚葉洗浄装置,エッチング
6920,レーザーテック,検査,マスク・ブランクス検査装置,
7748,ホロン,検査,マスク用CD-SEM,
6323,ローツェ,搬送,ウェハ搬送ロボット・EFEM,
6383,ダイフク,搬送,クリーンルーム搬送システム,
6507,シンフォニアテクノロジー,搬送,ロードポート,
6258,平田機工,搬送,EFEM・ロードポート,
7741,HOYA,部材,マスクブランクス,
7912,大日本印刷,部材,フォトマスク,
429A,テクセンドフォトマスク,部材,フォトマスク,
6890,フェローテック,部材,石英・セラミックス・シリコン部品,ウェハ
6264,マルマエ,部材,製造装置用精密部品,
3433,トーカロ,部材,製造装置部品の溶射皮膜,
5333,日本ガイシ,部材,製造装置用セラミックス,
6971,京セラ,部材,製造装置用ファインセラミック部品,
5310,東洋炭素,部材,等方性黒鉛,
6668,アドテック プラズマ テクノロジー,部材,プラズマ用高周波電源,
6490,日本ピラー工業,部材,製造装置用フッ素樹脂部品,
6407,CKD,部材,プロセスバルブ,
7995,バルカー,部材,製造装置用シール材,
6856,堀場製作所,部材,マスフローコントローラ,検査
4091,日本酸素ホールディングス,ガス,電子材料ガス,
4047,関東電化工業,ガス,特殊ガス（NF3・エッチングガス）,
4044,セントラル硝子,ガス,半導体用特殊ガス,
4004,レゾナック・ホールディングス,ガス,高純度ガス,薬液
4186,東京応化工業,薬液,フォトレジスト・高純度化学薬品,
4109,ステラ ケミファ,薬液,高純度フッ化水素酸,
4369,トリケミカル研究所,薬液,成膜用プリカーサ,
4401,ADEKA,薬液,成膜用プリカーサ,
4021,日産化学,薬液,反射防止膜材料,
4187,大阪有機化学工業,薬液,レジスト用モノマー,
4970,東洋合成工業,薬液,レジスト用感光材,
4182,三菱ガス化学,薬液,超純過酸化水素,
4005,住友化学,薬液,フォトレジスト・高純度薬品,
4901,富士フイルムホールディングス,薬液,フォトレジスト・プロセス薬品,
5384,フジミインコーポレーテッド,薬液,CMPスラリー,
4063,信越化学工業,ウェハ,シリコンウェハ,薬液;部材
3436,SUMCO,ウェハ,シリコンウェハ,
3445,RS Technologies,ウェハ,再生ウェハ,
4043,トクヤマ,ウェハ,多結晶シリコン（ウェハ原料）,薬液
