code,edinet_code,filer_name,fiscal_year_end
6925,E01929,ウシオ電機株式会社,3月31日
7751,E02274,キヤノン株式会社,12月31日
6525,E37488,株式会社ＫＯＫＵＳＡＩ　ＥＬＥＣＴＲＩＣ,3月31日
6728,E01589,株式会社　アルバック,6月30日
8035,E02652,東京エレクトロン株式会社,3月31日
6590,E01757,芝浦メカトロニクス株式会社,3月31日
7735,E02288,株式会社ＳＣＲＥＥＮホールディングス,3月31日
6258,E01733,平田機工株式会社,3月31日
6323,E02328,ローツェ株式会社,2月末日
6383,E01551,株式会社ダイフク,12月31日
6507,E01743,シンフォニアテクノロジー株式会社,3月31日
3433,E01443,トーカロ株式会社,3月31日
429A,E40985,テクセンドフォトマスク株式会社,3月31日
5310,E01223,東洋炭素株式会社,12月31日
5333,E01137,ＮＧＫ株式会社,3月31日
6264,E01465,株式会社マルマエ,8月31日
6407,E01909,ＣＫＤ株式会社,3月31日
6490,E01645,株式会社ＰＩＬＬＡＲ,3月31日
6668,E02092,株式会社アドテックプラズマテクノロジー,8月31日
6856,E01901,株式会社堀場製作所,12月31日
6890,E02024,株式会社フェローテック,3月31日
6971,E01182,京セラ株式会社,3月31日
7741,E01124,ＨＯＹＡ株式会社,3月31日
7912,E00693,大日本印刷株式会社,3月31日
7995,E01164,株式会社バルカー,3月31日
4004,E00751,株式会社レゾナック・ホールディングス,12月31日
4044,E00769,セントラル硝子株式会社,3月31日
4047,E00772,関東電化工業株式会社,3月31日
4091,E00783,日本酸素ホールディングス株式会社,3月31日
4005,E00752,住友化学株式会社,3月31日
4021,E00759,日産化学株式会社,3月31日
4109,E00805,ステラケミファ株式会社,3月31日
4182,E00815,三菱瓦斯化学株式会社,3月31日
4186,E00854,東京応化工業株式会社,12月31日
4187,E00855,大阪有機化学工業株式会社,11月30日
4369,E02490,株式会社　トリケミカル研究所,1月31日
4401,E00878,株式会社ＡＤＥＫＡ,3月31日
4901,E00988,富士フイルムホールディングス株式会社,3月31日
4970,E01051,東洋合成工業株式会社,3月31日
5384,E01207,株式会社フジミインコーポレーテッド,3月31日
3436,E02103,株式会社ＳＵＭＣＯ,12月31日
3445,E31042,株式会社ＲＳ　Ｔｅｃｈｎｏｌｏｇｉｅｓ,12月末日
4043,E00768,株式会社トクヤマ,3月31日
4063,E00776,信越化学工業株式会社,3月31日
