listed_date,ticker,code,name,sector,trigger,tag,zone_hi,zone_lo,stop,time_stop,expire_date,close_at_listing,status,reached_date,reached_low,days_waited,score,gap_date,unit_cost
2026-07-25,2001.T,2001,ニップン,食料品,押し目,2週間,2818.0,2787.0,2726.0,10,07/29,2832.0,reached,2026-07-25,2786.0,0,8,,283200
2026-07-25,4733.T,4733,オービックビジネスコンサルタント,情報・通信業,材料反応,1ヶ月,7730.0,7550.0,7210.0,20,07/29,7638.0,reached,2026-07-25,7257.0,0,8,2026-07-24,763800
2026-07-25,4118.T,4118,カネカ,化学,押し目,2週間,5840.0,5730.0,5510.0,10,07/29,5841.0,reached,2026-07-25,5756.0,0,7,,584100
2026-07-25,7173.T,7173,東京きらぼしフィナンシャルグループ,銀行業,押し目,2週間,1772.0,1709.0,1591.0,10,07/29,1772.0,reached,2026-07-25,1727.0,0,7,,177200
2026-07-25,8368.T,8368,百五銀行,銀行業,押し目,2週間,2107.0,2032.0,1895.0,10,07/29,2080.0,reached,2026-07-25,2037.0,0,7,,208000
2026-07-27,8541.T,8541,愛媛銀行,銀行業,材料反応,1ヶ月,2810.0,2707.0,2520.0,20,07/30,2794.0,reached,2026-07-27,2540.0,0,10,2026-07-24,279400
2026-07-27,2001.T,2001,ニップン,食料品,押し目,2週間,2818.0,2787.0,2726.0,10,07/30,2832.0,reached,2026-07-27,2786.0,0,8,,283200
2026-07-27,3191.T,3191,ジョイフル本田,小売業,押し目,2週間,2294.0,2279.0,2247.0,10,07/30,2315.0,reached,2026-07-27,2255.0,0,8,,231500
2026-07-27,1965.T,1965,テクノ菱和,建設業,材料反応,1ヶ月,6650.0,6390.0,5900.0,20,07/30,6570.0,reached,2026-07-27,5960.0,0,7,2026-07-24,657000
2026-07-27,4118.T,4118,カネカ,化学,押し目,2週間,5840.0,5730.0,5510.0,10,07/30,5841.0,reached,2026-07-27,5756.0,0,7,,584100
2026-07-27,4733.T,4733,オービックビジネスコンサルタント,情報・通信業,材料反応,1ヶ月,7730.0,7550.0,7210.0,20,07/30,7638.0,reached,2026-07-27,7257.0,0,7,2026-07-24,763800
2026-07-27,2001.T,2001,ニップン,食料品,押し目,2週間,2818.0,2787.0,2726.0,10,07/30,2832.0,reached,2026-07-27,2786.0,0,8,,283200
2026-07-27,3191.T,3191,ジョイフル本田,小売業,押し目,2週間,2294.0,2279.0,2247.0,10,07/30,2315.0,reached,2026-07-27,2255.0,0,8,,231500
2026-07-27,1965.T,1965,テクノ菱和,建設業,材料反応,1ヶ月,6650.0,6390.0,5900.0,20,07/30,6570.0,reached,2026-07-27,5960.0,0,7,2026-07-24,657000
2026-07-27,4118.T,4118,カネカ,化学,押し目,2週間,5840.0,5730.0,5510.0,10,07/30,5841.0,reached,2026-07-27,5756.0,0,7,,584100
2026-07-27,8541.T,8541,愛媛銀行,銀行業,材料反応,1ヶ月,2810.0,2707.0,2520.0,20,07/30,2794.0,reached,2026-07-27,2540.0,0,10,2026-07-24,279400
2026-07-27,2001.T,2001,ニップン,食料品,押し目,2週間,2818.0,2787.0,2726.0,10,07/30,2832.0,expired,,,3,8,,283200
2026-07-27,3191.T,3191,ジョイフル本田,小売業,押し目,2週間,2294.0,2279.0,2247.0,10,07/30,2315.0,expired,,,3,8,,231500
2026-07-27,1965.T,1965,テクノ菱和,建設業,材料反応,1ヶ月,6650.0,6390.0,5900.0,20,07/30,6570.0,broken,,,1,7,2026-07-24,657000
2026-07-27,4118.T,4118,カネカ,化学,押し目,2週間,5840.0,5730.0,5510.0,10,07/30,5841.0,reached,2026-07-28,5784.0,1,7,,584100
2026-07-28,5830.T,5830,いよぎんホールディングス,銀行業,材料反応,1ヶ月,3790.0,3710.0,3555.0,20,07/31,3785.0,reached,2026-07-28,3580.0,0,10,2026-07-27,378500
2026-07-28,8541.T,8541,愛媛銀行,銀行業,材料反応,1ヶ月,2810.0,2707.0,2519.0,20,07/31,2917.0,reached,2026-07-28,2734.0,0,10,2026-07-24,291700
2026-07-28,3132.T,3132,マクニカホールディングス,卸売業,材料反応,1ヶ月,3690.0,3565.0,3330.0,20,07/31,3579.0,reached,2026-07-28,3359.0,0,8,2026-07-27,357900
2026-07-28,4665.T,4665,ダスキン,サービス業,押し目,2週間,4470.0,4435.0,4365.0,10,07/31,4532.0,expired,,,3,8,,453200
2026-07-28,6804.T,6804,ホシデン,電気機器,押し目,2週間,2777.0,2734.0,2651.0,10,07/31,2840.0,reached,2026-07-28,2714.0,0,8,,284000
2026-07-28,5830.T,5830,いよぎんホールディングス,銀行業,材料反応,1ヶ月,3790.0,3710.0,3555.0,20,07/31,3785.0,reached,2026-07-28,3580.0,0,10,2026-07-27,378500
2026-07-28,8541.T,8541,愛媛銀行,銀行業,材料反応,1ヶ月,2810.0,2707.0,2519.0,20,07/31,2917.0,reached,2026-07-28,2734.0,0,10,2026-07-24,291700
2026-07-28,3132.T,3132,マクニカホールディングス,卸売業,材料反応,1ヶ月,3690.0,3565.0,3330.0,20,07/31,3579.0,reached,2026-07-28,3359.0,0,8,2026-07-27,357900
2026-07-28,6804.T,6804,ホシデン,電気機器,押し目,2週間,2777.0,2734.0,2651.0,10,07/31,2840.0,reached,2026-07-28,2714.0,0,8,,284000
2026-07-29,3549.T,3549,クスリのアオキホールディングス,小売業,材料反応,1ヶ月,3960.0,3900.0,3775.0,20,08/03,3955.0,reached,2026-07-29,3801.0,0,9,2026-07-28,395500
2026-07-29,2659.T,2659,サンエー,小売業,押し目,2週間,3190.0,3160.0,3100.0,10,08/03,3265.0,expired,,,3,8,,326500
2026-07-29,2801.T,2801,キッコーマン,食料品,押し目,2週間,1644.0,1618.0,1566.0,10,08/03,1672.0,reached,2026-07-29,1637.0,0,8,,167200
2026-07-29,3778.T,3778,さくらインターネット,情報・通信業,材料反応,1ヶ月,3215.0,3065.0,2791.0,20,08/03,3100.0,reached,2026-07-29,2821.0,0,8,2026-07-28,310000
2026-07-29,2222.T,2222,寿スピリッツ,食料品,押し目,2週間,2522.0,2457.0,2338.0,10,08/03,2554.0,reached,2026-07-29,2497.5,0,7,,255400
2026-07-29,3549.T,3549,クスリのアオキホールディングス,小売業,材料反応,1ヶ月,3960.0,3900.0,3775.0,20,08/03,3955.0,reached,2026-07-29,3955.0,0,9,2026-07-28,395500
2026-07-29,2801.T,2801,キッコーマン,食料品,押し目,2週間,1644.0,1618.0,1566.0,10,08/03,1672.0,reached,2026-07-31,1625.5,2,8,,167200
2026-07-29,3778.T,3778,さくらインターネット,情報・通信業,材料反応,1ヶ月,3215.0,3065.0,2791.0,20,08/03,3100.0,reached,2026-07-29,2939.0,0,8,2026-07-28,310000
2026-07-29,2222.T,2222,寿スピリッツ,食料品,押し目,2週間,2522.0,2457.0,2338.0,10,08/03,2554.0,reached,2026-07-31,2501.0,2,7,,255400
2026-07-29,3397.T,3397,トリドールホールディングス,小売業,材料反応,1ヶ月,4595.0,4485.0,4285.0,20,08/03,4584.0,reached,2026-07-30,4308.0,1,10,2026-07-29,458400
2026-07-29,7616.T,7616,コロワイド,小売業,材料反応,1ヶ月,2152.0,2107.0,2024.0,20,08/03,2143.5,reached,2026-07-30,2034.0,1,10,2026-07-29,214350
2026-07-29,4151.T,4151,協和キリン,医薬品,押し目,2週間,2691.0,2648.0,2567.0,10,08/03,2703.0,reached,2026-07-30,2655.5,1,7,,270300
2026-07-29,5101.T,5101,横浜ゴム,ゴム製品,押し目,2週間,7600.0,7430.0,7120.0,10,08/03,7648.0,reached,2026-07-30,7398.0,1,7,,764800
2026-07-29,7282.T,7282,豊田合成,輸送用機器,押し目,2週間,5170.0,5020.0,4760.0,10,08/03,5200.0,reached,2026-07-30,5069.0,1,7,,520000
2026-07-30,3635.T,3635,コーエーテクモホールディングス,情報・通信業,材料反応,1ヶ月,1656.0,1619.0,1547.0,20,08/04,1649.0,reached,2026-07-31,1623.5,1,10,2026-07-29,164900
2026-07-30,2685.T,2685,アンドエスティＨＤ,小売業,押し目,2週間,3435.0,3380.0,3270.0,10,08/04,3500.0,reached,2026-07-31,3435.0,1,7,,350000
2026-07-30,3697.T,3697,ＳＨＩＦＴ,情報・通信業,材料反応,1ヶ月,967.0,935.0,872.0,20,08/04,950.0,broken,,,1,7,2026-07-28,95000
2026-07-31,166A.T,166A,タスキホールディングス,不動産業,材料反応,1ヶ月,1119.0,1093.0,1044.0,20,08/05,1119.0,reached,2026-07-31,1052.0,0,10,2026-07-30,111900
2026-07-31,3156.T,3156,レスター,卸売業,材料反応,1ヶ月,4190.0,4030.0,3740.0,20,08/05,4100.0,reached,2026-07-31,3775.0,0,9,2026-07-30,410000
2026-07-31,8008.T,8008,ヨンドシーホールディングス,小売業,押し目,2週間,2092.0,2056.0,1987.0,10,08/05,2104.0,reached,2026-07-31,2063.0,0,7,,210400
2026-07-31,3635.T,3635,コーエーテクモホールディングス,情報・通信業,材料反応,1ヶ月,1656.0,1619.0,1547.0,20,08/05,1671.0,reached,2026-07-31,1623.5,0,8,2026-07-29,167100
2026-07-31,2685.T,2685,アンドエスティＨＤ,小売業,押し目,2週間,3515.0,3425.0,3270.0,10,08/05,3485.0,reached,2026-07-31,3435.0,0,7,,348500
2026-07-31,166A.T,166A,タスキホールディングス,不動産業,材料反応,1ヶ月,1119.0,1093.0,1044.0,20,08/05,1119.0,reached,2026-07-31,1072.0,0,10,2026-07-30,111900
2026-07-31,7433.T,7433,伯東,卸売業,材料反応,1ヶ月,4995.0,4895.0,4705.0,20,08/05,4970.0,reached,2026-07-31,4940.0,0,10,2026-07-30,497000
2026-07-31,8008.T,8008,ヨンドシーホールディングス,小売業,押し目,2週間,2092.0,2056.0,1987.0,10,08/05,2104.0,reached,2026-07-31,2056.0,0,7,,210400
2026-07-31,6652.T,6652,ＩＤＥＣ,電気機器,材料反応,1ヶ月,3535.0,3460.0,3315.0,20,08/05,3535.0,reached,2026-08-03,3335.0,1,10,2026-07-31,353500
2026-07-31,4661.T,4661,オリエンタルランド,サービス業,材料反応,1ヶ月,3165.0,3100.0,2969.0,20,08/05,3167.0,reached,2026-08-03,2991.0,1,9,2026-07-31,316700
2026-07-31,8818.T,8818,京阪神ビルディング,不動産業,押し目,2週間,1135.0,1106.0,1053.0,10,08/05,1149.0,reached,2026-08-03,1095.0,1,6,,114900
2026-07-31,8508.T,8508,Ｊトラスト,その他金融業,押し目,2週間,783.0,771.0,744.0,10,08/05,817.0,reached,2026-08-03,774.0,1,5,,81700
2026-08-03,166A.T,166A,タスキホールディングス,不動産業,材料反応,1ヶ月,1119.0,1093.0,1043.0,20,08/06,1109.0,pending,,,0,7,2026-07-30,110900
