code,name,process,basis,other_processes,yf_long_name,market_cap_jpy,market_cap_reason,median_tv_60d_jpy,median_tv_reason,op_period_end,op_income_jpy,op_reason,op_as_reported_period_end,op_as_reported_jpy,status,exclusion_reasons
6925,ウシオ電機,露光,露光用光源,,Ushio Inc.,329232842752.0,,1598966450.0,,2026-03-31,11959000000.0,,2026-03-31,11959000000.0,掲載,
7731,ニコン,露光,ArF/KrF露光装置,,Nikon Corporation,625891868672.0,,3224505950.0,,2026-03-31,-112447000000.0,,2026-03-31,-112448000000.0,除外,直近期営業赤字
7751,キヤノン,露光,i線/KrF露光装置,,Canon Inc.,3845507514368.0,,14396075900.0,,2025-12-31,455390000000.0,,2025-12-31,455390000000.0,掲載,
6525,KOKUSAI ELECTRIC,成膜,バッチ式成膜装置（ALD/CVD）,,Kokusai Electric Corporation,2345507487744.0,,69318513250.0,,2026-03-31,41836000000.0,,2026-03-31,41836000000.0,掲載,
6728,アルバック,成膜,スパッタリング装置,エッチング,"ULVAC, Inc.",399783034880.0,,4199701400.0,,2025-06-30,26523000000.0,,2025-06-30,26523000000.0,掲載,
6387,サムコ,エッチング,プラズマエッチング装置,成膜;洗浄,SAMCO Inc.,73897230336.0,,999784000.0,,2025-07-31,,直近期 2025-07-31 の値が欠損,2025-07-31,,判定不能,
8035,東京エレクトロン,エッチング,エッチング装置,成膜;露光（塗布現像）;洗浄,Tokyo Electron Limited,27484957442048.0,,196799371000.0,,2026-03-31,624937000000.0,,2026-03-31,624936000000.0,掲載,
6590,芝浦メカトロニクス,洗浄,枚葉洗浄装置,エッチング,Shibaura Mechatronics Corporation,279621992448.0,,7391340500.0,,2026-03-31,15262000000.0,,2026-03-31,15262000000.0,掲載,
7735,SCREENホールディングス,洗浄,洗浄装置,露光（塗布現像）;検査,"SCREEN Holdings Co., Ltd.",2924243320832.0,,38287163500.0,,2026-03-31,122522000000.0,,2026-03-31,122522000000.0,掲載,
6920,レーザーテック,検査,マスク・ブランクス検査装置,,Lasertec Corporation,4138166124544.0,,121634709500.0,,2026-06-30,,直近期 2026-06-30 の値が欠損,2026-06-30,,判定不能,
7748,ホロン,検査,マスク用CD-SEM,,,,yfinance が info を返さない,,日足なし,,,通期の損益計算書に項目なし,,,判定不能,
6258,平田機工,搬送,EFEM・ロードポート,,Hirata Corporation,118827606016.0,,898002750.0,,2026-03-31,8315381000.0,,2026-03-31,8315381000.0,掲載,
6323,ローツェ,搬送,ウェハ搬送ロボット・EFEM,,Rorze Corporation,731535114240.0,,6709449850.0,,2026-02-28,31155000000.0,,2026-02-28,31154000000.0,掲載,
6383,ダイフク,搬送,クリーンルーム搬送システム,,"Daifuku Co., Ltd.",2175630966784.0,,10493694300.0,,2025-12-31,101443000000.0,,2025-12-31,100816000000.0,掲載,
6507,シンフォニアテクノロジー,搬送,ロードポート,,"Sinfonia Technology Co.,Ltd.",406305800192.0,,2109294500.0,,2026-03-31,18464000000.0,,2026-03-31,18464000000.0,掲載,
3433,トーカロ,部材,製造装置部品の溶射皮膜,,"TOCALO Co.,Ltd.",177633001472.0,,630373850.0,,2026-03-31,14107000000.0,,2026-03-31,14102000000.0,掲載,
429A,テクセンドフォトマスク,部材,フォトマスク,,Tekscend Photomask Corp.,384507183104.0,,2833591500.0,,2026-03-31,27531000000.0,,2026-03-31,27530000000.0,掲載,
5310,東洋炭素,部材,等方性黒鉛,,"Toyo Tanso Co., Ltd.",163792437248.0,,684460000.0,,2025-12-31,6759000000.0,,2025-12-31,6759000000.0,掲載,
5333,日本ガイシ,部材,製造装置用セラミックス,,NGK Corporation,1583061925888.0,,8176276400.0,,2026-03-31,94998000000.0,,2026-03-31,94997000000.0,掲載,
6264,マルマエ,部材,製造装置用精密部品,,"Marumae Co., Ltd.",60026032128.0,,1115657200.0,,2025-08-31,2103905000.0,,2025-08-31,2103901000.0,掲載,
6407,CKD,部材,プロセスバルブ,,CKD Corporation,382964629504.0,,3474853000.0,,2026-03-31,19648000000.0,,2026-03-31,19640000000.0,掲載,
6490,日本ピラー工業,部材,製造装置用フッ素樹脂部品,,PILLAR Corporation,264047017984.0,,1235110000.0,,2026-03-31,12108000000.0,,2026-03-31,12107000000.0,掲載,
6668,アドテック プラズマ テクノロジー,部材,プラズマ用高周波電源,,"Adtec Plasma Technology Co., Ltd.",41361645568.0,,419562500.0,,2025-08-31,4822000000.0,,2025-08-31,1808000000.0,掲載,
6856,堀場製作所,部材,マスフローコントローラ,検査,"HORIBA, Ltd.",1064406024192.0,,5371243500.0,,2025-12-31,53041000000.0,,2025-12-31,53040000000.0,掲載,
6890,フェローテック,部材,石英・セラミックス・シリコン部品,ウェハ,Ferrotec Corporation,620895404032.0,,9706931000.0,,2026-03-31,27562000000.0,,2026-03-31,27561000000.0,掲載,
6971,京セラ,部材,製造装置用ファインセラミック部品,,Kyocera Corporation,4685969752064.0,,17524395400.0,,2026-03-31,95021000000.0,,2026-03-31,118138000000.0,掲載,
7741,HOYA,部材,マスクブランクス,,HOYA Corporation,8065524957184.0,,25209283500.0,,2026-03-31,551126000000.0,,,,掲載,
7912,大日本印刷,部材,フォトマスク,,"Dai Nippon Printing Co., Ltd.",1281019871232.0,,4561262700.0,,2026-03-31,101039000000.0,,2026-03-31,101039000000.0,掲載,
7995,バルカー,部材,製造装置用シール材,,"Valqua, Ltd.",121675071488.0,,472406000.0,,2026-03-31,7101000000.0,,2026-03-31,7100000000.0,掲載,
4004,レゾナック・ホールディングス,ガス,高純度ガス,薬液,Resonac Holdings Corporation,3278136934400.0,,30751848000.0,,2025-12-31,46676000000.0,,2025-12-31,46676000000.0,掲載,
4044,セントラル硝子,ガス,半導体用特殊ガス,,"Central Glass Co., Ltd.",111319597056.0,,297676500.0,,2026-03-31,10030000000.0,,2026-03-31,10029000000.0,掲載,
4047,関東電化工業,ガス,特殊ガス（NF3・エッチングガス）,,"Kanto Denka Kogyo Co., Ltd.",139656855552.0,,1526061400.0,,2026-03-31,5479000000.0,,2026-03-31,5478000000.0,掲載,
4091,日本酸素ホールディングス,ガス,電子材料ガス,,Nippon Sanso Holdings Corporation,2314466754560.0,,2898129600.0,,2026-03-31,193329000000.0,,2026-03-31,197882000000.0,掲載,
4005,住友化学,薬液,フォトレジスト・高純度薬品,,"Sumitomo Chemical Company, Limited",949496250368.0,,5831461115.591431,,2026-03-31,195015000000.0,,2026-03-31,151744000000.0,掲載,
4021,日産化学,薬液,反射防止膜材料,,Nissan Chemical Corporation,1119477956608.0,,4797060700.0,,2026-03-31,63552000000.0,,2026-03-31,63552000000.0,掲載,
4109,ステラ ケミファ,薬液,高純度フッ化水素酸,,Stella Chemifa Corporation,64220880896.0,,331201000.0,,2026-03-31,4645000000.0,,2026-03-31,4644000000.0,掲載,
4182,三菱ガス化学,薬液,超純過酸化水素,,"Mitsubishi Gas Chemical Company, Inc.",763513864192.0,,5310310500.0,,2026-03-31,45294000000.0,,2026-03-31,45293000000.0,掲載,
4186,東京応化工業,薬液,フォトレジスト・高純度化学薬品,,"Tokyo Ohka Kogyo Co., Ltd.",1068745424896.0,,7217573300.0,,2025-12-31,47386000000.0,,2025-12-31,47386000000.0,掲載,
4187,大阪有機化学工業,薬液,レジスト用モノマー,,Osaka Organic Chemical Industry Ltd.,91517722624.0,,721580250.0,,2025-11-30,6187165000.0,,2025-11-30,6187165000.0,掲載,
4369,トリケミカル研究所,薬液,成膜用プリカーサ,,Tri Chemical Laboratories Inc.,104639397888.0,,1546033000.0,,2026-01-31,5902226000.0,,2026-01-31,5902226000.0,掲載,
4401,ADEKA,薬液,成膜用プリカーサ,,Adeka Corporation,447253610496.0,,1322138050.0,,2026-03-31,41615000000.0,,2026-03-31,41614000000.0,掲載,
4901,富士フイルムホールディングス,薬液,フォトレジスト・プロセス薬品,,FUJIFILM Holdings Corporation,3963514257408.0,,14012126250.0,,2026-03-31,350210000000.0,,2026-03-31,350210000000.0,掲載,
4970,東洋合成工業,薬液,レジスト用感光材,,"Toyo Gosei Co.,Ltd.",85558034432.0,,883536000.0,,2026-03-31,3669000000.0,,2026-03-31,3668000000.0,掲載,
5384,フジミインコーポレーテッド,薬液,CMPスラリー,,Fujimi Incorporated,264092385280.0,,1200342500.0,,2026-03-31,13827000000.0,,2026-03-31,13826000000.0,掲載,
3436,SUMCO,ウェハ,シリコンウェハ,,Sumco Corporation,1254839549952.0,,47083288500.0,,2025-12-31,1342000000.0,,2025-12-31,1342000000.0,掲載,
3445,RS Technologies,ウェハ,再生ウェハ,,"RS Technologies Co., Ltd.",168887205888.0,,1521377500.0,,2025-12-31,14282000000.0,,2025-12-31,14281000000.0,掲載,
4043,トクヤマ,ウェハ,多結晶シリコン（ウェハ原料）,薬液,Tokuyama Corporation,292169285632.0,,2478019450.0,,2026-03-31,33388000000.0,,2026-03-31,37017000000.0,掲載,
4063,信越化学工業,ウェハ,シリコンウェハ,薬液;部材,"Shin-Etsu Chemical Co., Ltd.",10944840204288.0,,41501804750.0,,2026-03-31,635205000000.0,,2026-03-31,635204000000.0,掲載,
