code,name,date,reason
2400,ＳＯＭＰＯケアメッセージ,2017-01-16,株式等売渡請求による取得
7432,ダルトン,2017-01-16,株式の併合
8728,マネースクウェアＨＤ,2017-01-20,株式の併合
6767,ミツミ電機,2017-01-24,ミネベアミツミの完全子会社化
6163,エイチアンドエフ,2017-01-30,株式等売渡請求による取得
6935,日本デジタル研究所,2017-02-06,株式等売渡請求による取得
8170,アデランス,2017-02-10,株式の併合
3734,インテア・ホールディングス,2017-02-24,光通信の完全子会社化
6860,パナソニック　デバイスＳＵＮＸ,2017-03-22,パナソニックの完全子会社化
2131,アコーディア・ゴルフ,2017-03-23,株式の併合
3832,Ｔ＆Ｃメディカルサイエンス,2017-03-28,JASDAQ業績基準該当及び債務超過
2580,コカ・コーライーストジャパン,2017-03-29,コカ・コーラボトラーズジャパンの完全子会社化
5012,東燃ゼネラル石油,2017-03-29,ＪＸＴＧホールディングスの完全子会社化
2611,攝津製油,2017-04-26,日清オイリオグループの完全子会社化
4989,イハラケミカル工業,2017-04-26,クミアイ化学工業に合併
8625,高木証券,2017-04-28,株式等売渡請求による取得
8648,バンク・オブ・アメリカ・コーポレーション,2017-05-01,申請による上場廃止
9373,ニッコウトラベル,2017-05-02,株式等売渡請求による取得
7248,カルソニックカンセイ,2017-05-08,株式等売渡請求による取得
7853,フード・プラネット,2017-05-29,内部管理体制等について改善がなされなかったと当取引所が認める場合
7920,三浦印刷,2017-05-29,株式等売渡請求による取得
8870,住友不動産販売,2017-06-02,株式等売渡請求による取得
8175,ベスト電器,2017-06-28,ヤマダ電機の完全子会社化
8245,丸栄,2017-07-06,株式等売渡請求による取得
6581,日立工機,2017-07-24,株式の併合
2145,データリンクス,2017-07-27,ＤＴＳの完全子会社化
6791,日本コロムビア,2017-07-27,フェイスの完全子会社化
7312,タカタ,2017-07-27,民事再生手続き
7968,ＴＡＳＡＫＩ,2017-07-27,スターダスト（非上場）に合併
4842,ＵＳＥＮ,2017-08-10,株式の併合
1896,大林道路,2017-09-07,株式の併合
6397,郷鉄工所,2017-09-11,有価証券報告書提出遅延
1924,パナホーム,2017-09-27,株式の併合
6751,日本無線,2017-09-27,日清紡ホールディングスの完全子会社化
3318,メガネスーパー,2017-10-27,ビジョナリーホールディングスの完全子会社化
3022,山下医科器械,2017-11-28,ヤマシタヘルスケアホールディングスの完全子会社化
2772,ゲンキー,2017-12-18,Ｇｅｎｋｙ ＤｒｕｇＳｔｏｒｅｓの完全子会社化
4965,曽田香料,2017-12-25,株式の併合
7825,ダンロップスポーツ,2017-12-27,住友ゴム工業に合併
9764,技研興業,2017-12-29,技研ホールディングスの完全子会社化
7260,富士機工,2018-01-23,株式等売渡請求による取得
4793,富士通ビー・エス・シー,2018-01-29,富士通の完全子会社化
9370,郵船ロジスティクス,2018-01-29,株式等売渡請求による取得
2008,増田製粉所,2018-02-01,株式等売渡請求による取得
8519,ポケットカード,2018-02-01,株式の併合
6756,日立国際電気,2018-03-09,株式の併合
7517,黒田電気,2018-03-16,株式等売渡請求による取得
9747,アサツー　ディ・ケイ,2018-03-16,株式の併合
8148,上原成商事,2018-03-19,株式の併合
1846,鈴縫工業,2018-03-20,株式等売渡請求による取得
5815,沖電線,2018-03-28,株式の併合
8374,三重銀行,2018-03-28,三十三フィナンシャルグループの完全子会社化
8529,第三銀行,2018-03-28,三十三フィナンシャルグループの完全子会社化
8543,みなと銀行,2018-03-28,関西みらいフィナンシャルグループの完全子会社化
8545,関西アーバン銀行,2018-03-28,関西みらいフィナンシャルグループの完全子会社化
6716,テクニカル電子,2018-04-24,株式等売渡請求による取得
8787,ＵＣＳ,2018-04-25,ユニーの完全子会社化
4117,川崎化成工業,2018-05-08,株式等売渡請求による取得
9133,東栄リーファーライン,2018-06-22,株式の併合
3669,モバイルクリエイト,2018-06-27,ＦＩＧの完全子会社化
6314,石井工作研究所,2018-06-27,ＦＩＧの完全子会社化
6669,シーシーエス,2018-06-27,オプテックスグループの完全子会社化
1606,日本海洋掘削,2018-07-23,会社更生手続き
2538,ジャパン・フード＆リカー・アライアンス,2018-07-27,ＪＦＬＡホールディングスの完全子会社化
5453,東洋鋼鈑,2018-07-30,株式等売渡請求による取得
2719,キタムラ,2018-08-06,株式等売渡請求による取得
1919,ヤマダ・エスバイエルホーム,2018-08-29,ヤマダ電機の完全子会社化
6911,新日本無線,2018-08-29,日清紡ホールディングスの完全子会社化
6636,ソルガム・ジャパン・ホールディングス,2018-09-03,有価証券報告書提出遅延
1984,三信建設工業,2018-09-18,株式等売渡請求による取得
1408,サムシングホールディングス,2018-09-26,ITbookホールディングスの完全子会社化
1916,日成ビルド工業,2018-09-26,スペースバリューホールディングスの完全子会社化
1931,日本電通,2018-09-26,協和エクシオの完全子会社化
1933,ＳＹＳＫＥＮ,2018-09-26,コムシスホールディングスの完全子会社化
1935,ＴＴＫ,2018-09-26,ミライト・ホールディングスの完全子会社化
1937,西部電気工業,2018-09-26,協和エクシオの完全子会社化
1956,ＮＤＳ,2018-09-26,コムシスホールディングスの完全子会社化
1989,北陸電話工事,2018-09-26,コムシスホールディングスの完全子会社化
3313,ブックオフコーポレーション,2018-09-26,ブックオフグループホールディングスの完全子会社化
3685,みんなのウェディング,2018-09-26,くふうカンパニーの完全子会社化
3742,ＩＴｂｏｏｋ,2018-09-26,ITbookホールディングスの完全子会社化
4656,サン・ライフ,2018-09-26,サン・ライフホールディングの完全子会社化
4775,総合メディカル,2018-09-26,総合メディカルホールディングスの完全子会社化
5289,ゼニス羽田ホールディングス,2018-09-26,ベルテクスコーポレーションの完全子会社化
6084,オウチーノ,2018-09-26,くふうカンパニーの完全子会社化
6895,ダイヤモンド電機,2018-09-26,ダイヤモンドエレクトリックホールディングスの完全子会社化
8201,さが美グループホールディングス,2018-09-26,株式の併合
8324,第四銀行,2018-09-26,第四北越フィナンシャルグループの完全子会社化
8325,北越銀行,2018-09-26,第四北越フィナンシャルグループの完全子会社化
1868,三井ホーム,2018-10-12,株式等売渡請求による取得
8851,アーバンライフ,2018-10-12,株式等売渡請求による取得
8274,東武ストア,2018-10-22,株式等売渡請求による取得
6534,Ｄ．Ａ．コンソーシアムホールディングス,2018-10-26,株式等売渡請求による取得
6719,富士通コンポーネント,2018-11-20,株式の併合
3754,エキサイト,2018-11-27,株式等売渡請求による取得
8685,アメリカン・インターナショナル・グループ・インク,2018-12-03,申請による上場廃止
7889,桑山,2018-12-04,株式等売渡請求による取得
1987,ソルコム,2018-12-26,ミライト・ホールディングスの完全子会社化
5413,日新製鋼,2018-12-26,新日鐵住金の完全子会社化
6816,アルパイン,2018-12-26,アルプスアルパインの完全子会社化
6972,エルナー,2018-12-26,太陽誘電の完全子会社化
8933,エヌ・ティ・ティ都市開発,2019-01-08,株式等売渡請求による取得
8840,大京,2019-01-22,株式等売渡請求による取得
6478,ダイベア,2019-01-25,株式等売渡請求による取得
2458,夢テクノロジー,2019-01-28,夢真ホールディングスの完全子会社化
8423,アクリーティブ,2019-02-01,株式の併合
8191,光製作所,2019-02-12,株式の併合
2228,シベール,2019-02-18,民事再生手続き
3654,ヒト・コミュニケーションズ,2019-02-26,ヒト・コミュニケーションズ・ホールディングスの完全子会社化
5758,ＦＣＭ,2019-03-07,株式等売渡請求による取得
6079,エナリス,2019-03-13,株式の併合
3366,一六堂,2019-03-19,株式の併合
6796,クラリオン,2019-03-25,株式等売渡請求による取得
5002,昭和シェル石油,2019-03-27,出光興産の完全子会社化
6773,パイオニア,2019-03-27,株式の併合
8396,十八銀行,2019-03-27,ふくおかフィナンシャルグループの完全子会社化
9957,バイテックホールディングス,2019-03-27,レスターホールディングスに合併
3724,ベリサーブ,2019-04-18,株式等売渡請求による取得
4291,ＪＩＥＣ,2019-04-18,株式等売渡請求による取得
4924,シーズ・ホールディングス,2019-04-22,株式の併合
3230,スター・マイカ,2019-05-29,スター・マイカ・ホールディングスの完全子会社化
3794,エヌ・デーソフトウェア,2019-06-18,株式の併合
3165,フーマイスターエレクトロニクス,2019-07-10,株式の併合
5456,朝日工業,2019-07-23,株式の併合
6300,アピックヤマダ,2019-07-30,株式等売渡請求による取得
6747,ＫＩホールディングス,2019-07-30,株式等売渡請求による取得
7913,図書印刷,2019-07-30,凸版印刷の完全子会社化
9899,ジョリーパスタ,2019-07-30,ゼンショーホールディングスの完全子会社化
6985,ユーシン,2019-08-05,株式の併合
2703,日本ライトン,2019-08-23,株式等売渡請求による取得
3385,薬王堂,2019-08-29,薬王堂ホールディングスの完全子会社化
6097,日本ビューホテル,2019-08-29,ヒューリックの完全子会社化
8703,カブドットコム証券,2019-08-29,株式の併合
9992,理研グリーン,2019-08-29,クミアイ化学工業の完全子会社化
4033,日東エフシー,2019-09-18,株式の併合
2144,やまねメディカル,2019-09-27,SIホールディングスの完全子会社化
6624,田淵電機,2019-09-27,ダイヤモンドエレクトリックホールディングスの完全子会社化
8686,アフラック・インコーポレーテッド,2019-10-03,申請による上場廃止
9674,花月園観光,2019-11-01,時価総額が所要額未満
1865,青木あすなろ建設,2019-11-07,株式等売渡請求による取得
4239,ポラテクノ,2019-11-08,株式等売渡請求による取得
8205,シャクリー・グローバル・グループ,2019-12-23,株式の併合
1722,ミサワホーム,2019-12-30,トヨタホーム（非上場）の完全子会社化
9836,リーバイ・ストラウス　ジャパン,2020-01-07,株式等売渡請求による取得
3545,デファクトスタンダード,2020-01-09,BEENOSの完全子会社化
3822,Ｍｉｎｏｒｉソリューションズ,2020-01-21,株式等売渡請求による取得
7834,マジェスティ ゴルフ,2020-01-23,株式の併合
1983,東芝プラントシステム,2020-01-27,株式等売渡請求による取得
9943,ココスジャパン,2020-02-18,日本レストランホールディングス（非上場）の完全子会社化
2655,マックスバリュ東北,2020-02-27,イオンの完全子会社化
3711,創通,2020-02-27,株式の併合
4508,田辺三菱製薬,2020-02-27,株式等売渡請求による取得
6591,西芝電機,2020-02-27,株式等売渡請求による取得
7465,マックスバリュ北海道,2020-02-27,イオン北海道に合併
2405,ＦＵＪＩＫＯＨ,2020-03-09,株式の併合
4585,ＵＭＮファーマ,2020-03-16,株式の併合
3209,カネヨウ,2020-03-17,株式の併合
8251,パルコ,2020-03-18,株式等売渡請求による取得
4695,マイスターエンジニアリング,2020-03-26,株式の併合
1906,細田工務店,2020-03-27,株式の併合
6112,小島鉄工所,2020-03-29,時価総額が所要額未満
3250,エー・ディー・ワークス,2020-03-30,ＡＤワークスグループの完全子会社化
6256,ニューフレアテクノロジー,2020-03-30,株式の併合
7591,エクセル,2020-03-30,シティインデックスイレブンス（非上場）の完全子会社化
9826,ＪＥＵＧＩＡ,2020-04-15,株式等売渡請求による取得
9277,総合メディカルホールディングス,2020-04-17,株式等売渡請求による取得
7404,昭和飛行機工業,2020-04-20,株式等売渡請求による取得
8036,日立ハイテク,2020-05-18,株式等売渡請求による取得
6274,ヤマハモーターロボティクスホールディングス,2020-05-25,株式等売渡請求による取得
2417,ツヴァイ,2020-06-01,株式等売渡請求による取得
3756,豆蔵ホールディングス,2020-06-02,株式の併合
6889,オーデリック,2020-06-05,株式の併合
3606,レナウン,2020-06-16,公益・投資者保護（民事再生手続き開始の決定）
3258,ユニゾホールディングス,2020-06-18,株式の併合
8044,大都魚類,2020-06-18,株式等売渡請求による取得
4217,日立化成,2020-06-19,株式の併合
8885,ラ・アトレ,2020-06-29,ＬＡホールディングスの完全子会社化
7891,日本ユピカ,2020-07-10,株式の併合
3424,ミヤコ,2020-07-28,株式の併合
8692,だいこう証券ビジネス,2020-07-29,株式等売渡請求による取得
7873,アーク,2020-07-30,三井化学の完全子会社化
6065,ライクキッズ,2020-08-26,株式等売渡請求による取得
3171,マックスバリュ九州,2020-08-28,イオン九州に合併
8729,ソニーフィナンシャルホールディングス,2020-08-31,株式等売渡請求による取得
2608,ボーソー油脂,2020-09-25,株式の併合
7323,アイペット損害保険,2020-09-29,アイペットホールディングスの完全子会社化
8379,広島銀行,2020-09-29,ひろぎんホールディングスの完全子会社化
8709,インヴァスト証券,2020-09-29,インヴァストの完全子会社化
7612,Ｎｕｔｓ,2020-10-03,公益・投資者保護（破産手続き開始の決定）
3564,ＬＩＸＩＬビバ,2020-10-20,株式の併合
7703,川澄化学工業,2020-10-28,株式等売渡請求による取得
9792,ニチイ学館,2020-11-05,株式の併合
7230,日信工業,2020-11-11,株式等売渡請求による取得
7251,ケーヒン,2020-11-11,株式等売渡請求による取得
7274,ショーワ,2020-11-11,株式等売渡請求による取得
8028,ファミリーマート,2020-11-12,株式の併合
8589,アプラスフィナンシャル,2020-11-27,株式等売渡請求による取得
6945,富士通フロンテック,2020-12-24,株式の併合
9437,NTTドコモ,2020-12-25,株式等売渡請求による取得
3938,ＬＩＮＥ,2020-12-29,株式の併合
3194,キリン堂ホールディングス,2021-01-06,株式の併合
4557,医学生物学研究所,2021-01-13,株式等売渡請求による取得
4779,ソフトブレーン,2021-01-19,株式の併合
6722,エイアンドティー,2021-01-28,トクヤマの完全子会社化
2714,プラマテルズ,2021-02-12,株式等売渡請求による取得
5614,川金ホールディングス,2021-02-17,株式の併合
4321,ケネディクス,2021-03-17,株式の併合
4640,アンドール,2021-03-22,株式等売渡請求による取得
6852,テクノ・セブン,2021-03-22,株式等売渡請求による取得
6944,アイレックス,2021-03-22,株式等売渡請求による取得
9671,よみうりランド,2021-03-23,株式の併合
8184,島忠,2021-03-24,株式の併合
8257,山陽百貨店,2021-03-25,株式等売渡請求による取得
2362,夢真ホールディングス,2021-03-30,夢真ビーネックスグループに合併
3344,ワンダーコーポレーション,2021-03-30,REXTの完全子会社化
4514,あすか製薬,2021-03-30,あすか製薬ホールディングスの完全子会社化
4555,沢井製薬,2021-03-30,サワイグループホールディングスの完全子会社化
5912,ＯＳＪＢホールディングス,2021-03-30,オリエンタル白石に合併
6064,アクトコール,2021-03-30,シック・ホールディングスの完全子会社化
6187,ＬＩＴＡＬＩＣＯ,2021-03-30,LITALICOメディア＆ソリューションズの完全子会社化
7321,関西みらいフィナンシャルグループ,2021-03-30,りそなホールディングスの完全子会社化
7448,ジーンズメイト,2021-03-30,REXTの完全子会社化
7577,ＨＡＰｉＮＳ,2021-03-30,REXTの完全子会社化
7768,ジェコー,2021-03-30,デンソーの完全子会社化
8586,日立キャピタル,2021-03-30,三菱ＵＦＪリースに合併
9681,東京ドーム,2021-04-23,株式の併合
7869,日本フォームサービス,2021-04-26,株式の併合
9758,ジャパンシステム,2021-04-26,株式の併合
1782,常磐開発,2021-05-24,株式の併合
2675,ダイナックホールディングス,2021-05-28,株式等売渡請求による取得
9829,ながの東急百貨店,2021-05-28,東急の完全子会社化
4734,ビーイング,2021-06-07,株式の併合
9707,ユニマット　リタイアメント・コミュニティ,2021-06-10,株式の併合
2398,ツクイホールディングス,2021-06-17,株式の併合
6077,Ｎ・フィールド,2021-06-18,株式の併合
4696,ワタベウェディング,2021-06-28,株式の併合・破産手続、再生手続又は更生手続に準ずる状態（債務免除）
3630,電算システム,2021-06-29,電算システムホールディングスの完全子会社化
6531,リファインバース,2021-06-29,リファインバースグループの完全子会社化
7190,マーキュリアインベストメント,2021-06-29,マーキュリアホールディングスの完全子会社化
3689,イグニス,2021-06-30,株式の併合
9797,大日本コンサルタント,2021-07-12,DNホールディングスの完全子会社化
3125,新内外綿,2021-07-20,シキボウの完全子会社化
8090,昭光通商,2021-07-21,株式の併合
7519,五洋インテックス,2021-07-26,内部管理体制等の改善がなされず改善の見込みがなくなったと当取引所が認める場合
1728,ミサワホーム中国,2021-07-28,株式等売渡請求による取得
4517,ビオフェルミン製薬,2021-07-28,大正製薬ホールディングスの完全子会社化
4669,ニッパンレンタル,2021-07-28,株式の併合
4952,エス・ディー・エス　バイオテック,2021-07-29,出光興産の完全子会社化
6414,川重冷熱工業,2021-07-29,川崎重工業の完全子会社化
6709,明星電気,2021-07-29,ＩＨＩの完全子会社化
8298,ファミリー,2021-07-29,株式等売渡請求による取得
6628,オンキヨーホームエンターテイメント,2021-08-01,債務超過
6839,船井電機,2021-08-26,株式の併合
3515,フジコー,2021-08-30,日本毛織の完全子会社化
8186,大塚家具,2021-08-30,ヤマダホールディングスの完全子会社化
7587,ＰＡＬＴＥＫ,2021-08-31,株式の併合
4115,本州化学工業,2021-09-14,株式の併合
7959,オリバー,2021-09-14,株式等売渡請求による取得
4282,ＥＰＳホールディングス,2021-09-17,株式の併合
3751,日本アジアグループ,2021-09-27,株式の併合
3975,ＡＯＩ　ＴＹＯ　Ｈｏｌｄｉｎｇｓ,2021-09-28,株式の併合
1824,前田建設工業,2021-09-29,インフロニア・ホールディングスの完全子会社化
1883,前田道路,2021-09-29,インフロニア・ホールディングスの完全子会社化
2151,タケエイ,2021-09-29,TREホールディングスの完全子会社化
3098,ココカラファイン,2021-09-29,マツキヨココカラ＆カンパニーの完全子会社化
4364,マナック,2021-09-29,マナック・ケミカル・パートナーズの完全子会社化
4399,くふうカンパニー （2021年9月30日付で（株）くふう中間持株会社に商号変更予定）,2021-09-29,くふうカンパニーの完全子会社化
4497,ロコガイド,2021-09-29,くふうカンパニーの完全子会社化
5690,リバーホールディングス,2021-09-29,TREホールディングスの完全子会社化
6281,前田製作所,2021-09-29,インフロニア・ホールディングスの完全子会社化
7594,マルカ,2021-09-29,フルサト・マルカホールディングスの完全子会社化
7688,ミアヘルサ,2021-09-29,ミアヘルサホールディングスの完全子会社化
8087,フルサト工業,2021-09-29,フルサト・マルカホールディングスの完全子会社化
8108,ヤマエ久野,2021-09-29,ヤマエグループホールディングスの完全子会社化
8356,十六銀行,2021-09-29,十六フィナンシャルグループの完全子会社化
8363,北國銀行,2021-09-29,北國フィナンシャルホールディングスの完全子会社化
8397,沖縄銀行,2021-09-29,おきなわフィナンシャルグループの完全子会社化
9266,一家ダイニングプロジェクト,2021-09-29,一家ホールディングスの完全子会社化
9624,長大,2021-09-29,人・夢・技術グループの完全子会社化
4342,セコム上信越,2021-10-28,セコムの完全子会社化
6299,神鋼環境ソリューション,2021-10-28,神戸製鋼所の完全子会社化
2174,ＧＣＡ,2021-11-02,株式等売渡請求による取得
9909,愛光電気,2021-12-03,株式の併合
3408,サカイオーベックス,2021-12-10,株式の併合
9062,日本通運,2021-12-29,NIPPON EXPRESSホールディングスの完全子会社化
9966,藤久,2021-12-29,藤久ホールディングスの完全子会社化
7855,カーディナル,2022-01-13,株式の併合
3376,オンリー,2022-01-18,株式の併合
3658,イーブックイニシアティブジャパン,2022-02-02,株式の併合
6575,ヒューマン・アソシエイツ・ホールディングス,2022-02-08,株式等売渡請求による取得
6271,ニッセイ,2022-02-14,株式等売渡請求による取得
8740,フジトミ証券,2022-02-17,小林洋行の完全子会社化
4336,クリエアナブキ,2022-02-24,株式等売渡請求による取得
3956,国際チャート,2022-02-25,ナカバヤシの完全子会社化
7862,トッパン・フォームズ,2022-02-25,株式等売渡請求による取得
8287,マックスバリュ西日本,2022-02-25,フジの完全子会社化
6541,グレイステクノロジー,2022-02-28,四半期報告書提出遅延
9358,宇徳,2022-02-28,株式等売渡請求による取得
9695,鴨川グランドホテル,2022-03-11,株式の併合
7758,セコニック,2022-03-16,株式の併合
1737,三井金属エンジニアリング,2022-03-23,株式等売渡請求による取得
8922,日本アセットマーケティング,2022-03-23,株式等売渡請求による取得
7697,ＲＥＸＴ,2022-03-28,株式の併合
1448,スペースバリューホールディングス,2022-03-29,株式の併合
1881,ＮＩＰＰＯ,2022-03-29,株式の併合
5358,イソライト工業,2022-03-29,株式等売渡請求による取得
7597,東京貴宝,2022-03-29,株式の併合
4764,Ｎｅｘｕｓ　Ｂａｎｋ,2022-03-30,Ｊトラストの完全子会社化
7748,ホロン,2022-03-30,Ａ＆Ｄホロンホールディングスの完全子会社化
8342,青森銀行,2022-03-30,プロクレアホールディングスの完全子会社化
8350,みちのく銀行,2022-03-30,プロクレアホールディングスの完全子会社化
7365,シック・ホールディングス,2022-04-12,株式等売渡請求による取得
7045,ツクイスタッフ,2022-04-19,株式等売渡請求による取得
1413,ヒノキヤグループ,2022-04-25,ヤマダホールディングスの完全子会社化
4962,互応化学工業,2022-04-26,株式等売渡請求による取得
8806,ダイビル,2022-04-26,株式の併合
6639,コンテック,2022-04-28,株式等売渡請求による取得
9176,佐渡汽船,2022-05-06,株式の併合
6553,ソウルドアウト,2022-05-09,株式等売渡請求による取得
1352,ホウスイ,2022-05-19,株式等売渡請求による取得
4699,ウチダエスコ,2022-05-27,株式の併合
3960,バリューデザイン,2022-05-30,アララの完全子会社化
9179,川崎近海汽船,2022-05-30,川崎汽船の完全子会社化
2729,ＪＡＬＵＸ,2022-06-02,株式の併合
2406,アルテ　サロン　ホールディングス,2022-06-07,株式の併合
6916,アイ・オー・データ機器,2022-06-16,株式の併合
7169,ＮＦＣホールディングス,2022-07-13,株式等売渡請求による取得
9641,サコス,2022-07-15,株式等売渡請求による取得
2905,オーケー食品工業,2022-07-21,ニップンの完全子会社化
5387,チヨダウーテ,2022-07-27,株式等売渡請求による取得
4999,セメダイン,2022-07-28,カネカの完全子会社化
5907,ＪＦＥコンテイナー,2022-07-28,ＪＦＥスチール（非上場）の完全子会社化
7945,コマニー,2022-07-28,株式等売渡請求による取得
2176,イナリサーチ,2022-08-17,株式等売渡請求による取得
2178,トライステージ,2022-08-22,株式の併合
5964,東洋刃物,2022-08-22,株式等売渡請求による取得
2191,テラ,2022-08-23,破産手続き
9375,近鉄エクスプレス,2022-08-26,株式等売渡請求による取得
2773,ミューチュアル,2022-08-29,株式等売渡請求による取得
2925,ピックルスコーポレーション,2022-08-30,ピックルスホールディングスの完全子会社化
9014,新京成電鉄,2022-08-30,京成電鉄の完全子会社化
2159,フルスピード,2022-09-01,株式の併合
2352,ＷＯＷ　ＷＯＲＬＤ,2022-09-29,ＷＯＷ　ＷＯＲＬＤ　ＧＲＯＵＰの完全子会社化
3390,ＩＮＥＳＴ （2022年10月3日付でＩＮＴ（株）に商号変更予定）,2022-09-29,ＩＮＥＳＴの完全子会社化
7838,共立印刷,2022-09-29,ＫＹＯＲＩＴＳＵの完全子会社化
8355,静岡銀行,2022-09-29,しずおかフィナンシャルグループの完全子会社化
8382,中国銀行,2022-09-29,ちゅうぎんフィナンシャルグループの完全子会社化
8385,伊予銀行,2022-09-29,いよぎんホールディングスの完全子会社化
8527,愛知銀行,2022-09-29,あいちフィナンシャルグループの完全子会社化
8530,中京銀行,2022-09-29,あいちフィナンシャルグループの完全子会社化
3356,テリロジー,2022-10-28,テリロジーホールディングスの完全子会社化
3919,パイプドＨＤ,2022-10-31,株式の併合
7070,ＳＩホールディングス,2022-11-09,株式の併合
4550,日水製薬,2022-11-11,株式の併合
6815,ユニデンホールディングス,2022-11-29,株式の併合
5008,東亜石油,2022-12-13,株式等売渡請求による取得
6175,ネットマーケティング,2022-12-16,株式の併合
6826,本多通信工業,2022-12-20,株式の併合
3578,倉庫精練,2022-12-21,株式の併合
8909,シノケングループ,2022-12-22,株式の併合
3906,ＡＬＢＥＲＴ,2022-12-26,株式等売渡請求による取得
5486,日立金属,2022-12-29,株式の併合
9631,東急レクリエーション,2022-12-29,東急の完全子会社化
4653,ダイオーズ,2023-01-20,株式の併合
5807,東京特殊電線,2023-01-25,株式等売渡請求による取得
9964,アイ・テック,2023-01-25,株式の併合
6409,キトー,2023-01-26,株式の併合
3528,ミライノベート,2023-01-30,Ｊトラストに合併
3966,ユーザベース,2023-02-07,株式等売渡請求による取得
6303,ササクラ,2023-02-07,株式等売渡請求による取得
9086,日立物流,2023-02-24,株式の併合
9945,プレナス,2023-02-24,株式の併合
6205,ニデックオーケーケー,2023-02-27,日本電産の完全子会社化
7339,アイペットホールディングス,2023-03-01,株式等売渡請求による取得
2761,トシン・グループ,2023-03-06,株式の併合
7895,中央化学,2023-03-16,株式等売渡請求による取得
9422,コネクシオ,2023-03-17,株式等売渡請求による取得
6355,住友精密工業,2023-03-22,株式の併合
4541,日医工,2023-03-29,株式の併合
3999,ナレッジスイート,2023-03-30,ＢＢＤイニシアティブの完全子会社化
9728,日本管財,2023-03-30,日本管財ホールディングスの完全子会社化
6641,日新電機,2023-04-27,株式等売渡請求による取得
8249,テクノアソシエ,2023-04-27,株式等売渡請求による取得
9318,アジア開発キャピタル,2023-04-30,内部管理体制確認書が再提出され、内部管理体制等について改善がなされなかったと当取引所が認める場合
8096,兼松エレクトロニクス,2023-05-02,株式等売渡請求による取得
2777,カッシーナ・イクスシー,2023-05-10,株式等売渡請求による取得
9734,精養軒,2023-05-19,株式の併合
7961,兼松サステック,2023-05-30,株式の併合
8521,長野銀行,2023-05-30,八十二銀行の完全子会社化
5128,ＷＯＷ　ＷＯＲＬＤ　ＧＲＯＵＰ,2023-06-05,株式の併合
6924,岩崎電気,2023-06-09,株式の併合
5999,イハラサイエンス,2023-06-12,株式の併合
5104,日東化工,2023-06-19,株式の併合
9810,日鉄物産,2023-06-21,株式の併合
1954,日本工営,2023-06-29,ID&Eホールディングスの完全子会社化
6067,インパクトホールディングス,2023-06-29,株式の併合
6172,メタップス,2023-06-29,株式の併合
4327,日本エス・エイチ・エル,2023-07-19,株式の併合
4708,りらいあコミュニケーションズ,2023-07-27,株式等売渡請求による取得
6032,インターワークス,2023-07-28,コンフィデンスに合併
3782,ディー・ディー・エス,2023-08-04,内部管理体制確認書の提出前で、内部管理体制等について改善の見込みがなくなったと当取引所が認める場合
9967,堺商事,2023-08-21,株式等売渡請求による取得
3085,アークランドサービスホールディングス,2023-08-30,アークランズの完全子会社化
2706,ブロッコリー,2023-09-26,株式の併合
3464,プロパティエージェント,2023-09-28,ミガロホールディングスの完全子会社化
6461,日本ピストンリング,2023-09-28,リケンＮＰＲの完全子会社化
6462,リケン,2023-09-28,リケンＮＰＲの完全子会社化
6569,日総工産,2023-09-28,ＮＩＳＳＯホールディングスの完全子会社化
8303,ＳＢＩ新生銀行,2023-09-28,株式の併合
8369,京都銀行,2023-09-28,京都フィナンシャルグループの完全子会社化
4423,アルテリア・ネットワークス,2023-10-18,株式の併合
4355,ロングライフホールディング,2023-10-25,株式の併合
6881,キョウデン,2023-10-26,株式等売渡請求による取得
7618,ピーシーデポコーポレーション,2023-10-27,株式の併合
7671,ＡｍｉｄＡホールディングス,2023-10-27,株式等売渡請求による取得
3316,東京日産コンピュータシステム,2023-10-30,株式等売渡請求による取得
3228,三栄建築設計,2023-11-01,株式等売渡請求による取得
4200,ＨＣＳホールディングス,2023-11-27,株式等売渡請求による取得
4739,伊藤忠テクノソリューションズ,2023-12-01,株式の併合
4621,ロックペイント,2023-12-13,株式の併合
6502,東芝,2023-12-20,株式の併合
7905,大建工業,2023-12-21,株式の併合
4963,星光ＰＭＣ,2023-12-28,株式の併合
1400,ルーデン・ホールディングス,2023-12-30,内部管理体制確認書の提出前で、内部管理体制等について改善の見込みがなくなったと当取引所が認める場合
8168,ケーヨー,2024-01-04,株式等売渡請求による取得
8256,プロルート丸光,2024-01-06,会社更生手続
7298,八千代工業,2024-01-10,株式等売渡請求による取得
2402,アマナ,2024-01-29,株式の併合
9263,ビジョナリーホールディングス,2024-01-29,株式の併合
6192,ハイアス・アンド・カンパニー,2024-01-30,くふう住まい（非上場）の完全子会社化
7899,ＭＩＣＳ化学,2024-01-30,中本パックスの完全子会社化
6121,ＴＡＫＩＳＡＷＡ,2024-01-31,株式の併合
3677,システム情報,2024-02-07,株式の併合
3852,サイバーコム,2024-02-08,株式等売渡請求による取得
6618,大泉製作所,2024-02-08,株式等売渡請求による取得
4312,サイバネットシステム,2024-02-09,株式等売渡請求による取得
3784,ヴィンクス,2024-02-15,株式等売渡請求による取得
6188,富士ソフトサービスビューロ,2024-02-16,株式等売渡請求による取得
8854,日住サービス,2024-03-07,株式の併合
4987,寺岡製作所,2024-03-11,株式の併合
4837,シダックス,2024-03-18,株式の併合
5212,不二硝子,2024-03-19,株式の併合
6567,ＳＥＲＩＯホールディングス,2024-03-19,株式等売渡請求による取得
2453,ジャパンベストレスキューシステム,2024-03-25,株式の併合
7315,ＩＪＴＴ,2024-03-25,株式の併合
2309,シミックホールディングス,2024-03-28,株式の併合
2987,タスキ,2024-03-28,タスキホールディングスの完全子会社化
3995,ＳＫＩＹＡＫＩ,2024-03-28,スペースシャワーＳＫＩＹＡＫＩホールディングスの完全子会社化
7330,レオス・キャピタルワークス,2024-03-28,SBIレオスひふみの完全子会社化
8068,菱洋エレクトロ,2024-03-28,リョーサン菱洋ホールディングスの完全子会社化
8140,リョーサン,2024-03-28,リョーサン菱洋ホールディングスの完全子会社化
8893,新日本建物,2024-03-28,タスキホールディングスの完全子会社化
8903,サンウッド,2024-03-28,株式の併合
8842,東京楽天地,2024-04-02,株式の併合
9637,オーエス,2024-04-05,株式の併合
4581,大正製薬ホールディングス,2024-04-09,株式の併合
5781,東邦金属,2024-04-17,株式等売渡請求による取得
8925,アルデプロ,2024-04-23,内部管理体制確認書の提出前で、内部管理体制等について改善の見込みがなくなったと当取引所が認める場合
1739,メルディアＤＣ,2024-04-24,株式の併合
4636,Ｔ＆Ｋ　ＴＯＫＡ,2024-04-25,株式等売渡請求による取得
7338,インヴァスト,2024-04-25,株式の併合
1971,中央ビルト工業,2024-04-26,株式の併合
9977,アオキスーパー,2024-05-02,株式の併合
9783,ベネッセホールディングス,2024-05-17,株式の併合
2412,ベネフィット・ワン,2024-05-20,株式の併合
5127,グッピーズ,2024-05-27,株式の併合
3244,サムティ,2024-05-30,サムティホールディングスの完全子会社化
9995,グローセル,2024-05-30,株式の併合
2427,アウトソーシング,2024-06-06,株式の併合
2812,焼津水産化学工業,2024-06-06,株式の併合
4489,ペイロール,2024-06-10,株式の併合
6556,ウェルビー,2024-06-11,株式の併合
4185,ＪＳＲ,2024-06-25,株式の併合
4748,構造計画研究所,2024-06-27,構造計画研究所ホールディングスの完全子会社化
7829,サマンサタバサジャパンリミテッド,2024-06-27,コナカの完全子会社化
7816,スノーピーク,2024-07-09,株式の併合
4930,グラフィコ,2024-07-16,株式等売渡請求による取得
6938,双信電機,2024-07-17,株式等売渡請求による取得
2651,ローソン,2024-07-24,株式の併合
9919,関西フードマーケット,2024-07-29,エイチ・ツー・オー　リテイリングの完全子会社化
7676,グッドスピード,2024-08-23,株式等売渡請求による取得
6704,岩崎通信機,2024-08-29,あい　ホールディングスの完全子会社化
4781,日本ハウズイング,2024-09-02,株式の併合
6789,ローランド ディー.ジー.,2024-09-03,株式の併合
4726,ＳＢテクノロジー,2024-09-06,株式の併合
9717,ジャステック,2024-09-11,株式の併合
9078,エスライングループ本社,2024-09-17,株式の併合
9873,日本ＫＦＣホールディングス,2024-09-18,株式の併合
1789,ＥＴＳホールディングス,2024-09-27,ＥＴＳグループの完全子会社化
1805,飛島建設,2024-09-27,飛島ホールディングスの完全子会社化
2468,フュートレック,2024-09-27,エーアイに合併
2899,永谷園ホールディングス,2024-09-27,株式の併合
4770,図研エルミック,2024-09-27,株式の併合
5217,テクノクオーツ,2024-09-27,ジーエルテクノホールディングスの完全子会社化
7086,きずなホールディングス,2024-09-27,株式等売渡請求による取得
7705,ジーエルサイエンス,2024-09-27,ジーエルテクノホールディングスの完全子会社化
8462,フューチャーベンチャーキャピタル,2024-09-27,AIフュージョンキャピタルグループの完全子会社化
9099,Ｃ＆Ｆロジホールディングス,2024-10-09,株式の併合
2599,ジャパンフーズ,2024-10-15,株式の併合
4348,インフォコム,2024-10-16,株式の併合
6236,ＮＣホールディングス,2024-10-16,株式の併合
7647,音通,2024-10-18,株式の併合
4215,タキロンシーアイ,2024-10-29,株式等売渡請求による取得
4824,メディアシーク,2024-10-30,Ｓｏｌｖｖｙの完全子会社化
8889,ＡＰＡＭＡＮ,2024-10-30,株式等売渡請求による取得
5395,理研コランダム,2024-11-05,株式等売渡請求による取得
5809,タツタ電線,2024-11-07,株式の併合
8155,三益半導体工業,2024-11-12,株式の併合
1451,ＫＨＣ,2024-11-19,株式等売渡請求による取得
6698,ヴィスコ・テクノロジーズ,2024-11-19,株式等売渡請求による取得
8182,いなげや,2024-11-28,ユナイテッド・スーパーマーケット・ホールディングスの完全子会社化
4268,エッジテクノロジー,2024-12-06,株式等売渡請求による取得
2487,ＣＤＧ,2024-12-12,ＣＬホールディングスの完全子会社化
9055,アルプス物流,2024-12-17,株式の併合
4921,ファンケル,2024-12-18,株式の併合
6362,石井鐵工所,2024-12-24,株式の併合
2754,東葛ホールディングス,2024-12-26,株式の併合
5759,日本電解,2024-12-28,民事再生手続き
4485,（株）ＪＴＯＷＥＲ,2025-01-07,他社による買収（公開買付け、株式併合）
8072,日本出版貿易（株）,2025-01-07,支配株主等による買収（公開買付け、株式併合）
9232,（株）パスコ,2025-01-07,支配株主等による買収（公開買付け、株式併合）
9058,トランコム（株）,2025-01-15,ＭＢＯ（公開買付け、株式併合）
2715,エレマテック（株）,2025-01-24,支配株主等による買収（公開買付け、株式等売渡請求による取得）
8114,（株）デサント,2025-01-24,支配株主等による買収（公開買付け、株式併合）
1775,富士古河Ｅ＆Ｃ（株）,2025-01-30,富士電機の完全子会社化（株式交換）
187A,サムティホールディングス（株）,2025-01-30,他社による買収（公開買付け、株式併合）
3275,ハウスコム（株）,2025-01-30,大東建託の完全子会社化（株式交換）
4295,（株）フェイス,2025-01-30,ＭＢＯ（公開買付け、株式等売渡請求による取得）
4955,アグロ　カネショウ（株）,2025-01-31,他社による買収（公開買付け、株式等売渡請求による取得）
6164,（株）太陽工機,2025-02-06,支配株主等による買収（公開買付け、株式等売渡請求による取得）
3322,アルファグループ（株）,2025-02-10,支配株主等による買収（株式併合）
8732,（株）マネーパートナーズグループ,2025-02-10,他社による買収（公開買付け、株式等売渡請求による取得）
1439,（株）安江工務店,2025-02-12,他社による買収（公開買付け、株式等売渡請求による取得）
3990,ＵＵＵＭ（株）,2025-02-17,支配株主等による買収（公開買付け、株式等売渡請求による取得）
9675,常磐興産（株）,2025-02-19,他社による買収（公開買付け、株式併合）
3857,（株）ラック,2025-02-25,支配株主等による買収（公開買付け、株式等売渡請求による取得）
8215,（株）銀座山形屋,2025-02-26,支配株主等による買収（株式併合）
3738,（株）ティーガイア,2025-03-03,他社による買収（公開買付け、株式併合）
7342,ウェルスナビ（株）,2025-03-04,他社による買収（公開買付け、株式等売渡請求による取得）
8890,（株）レーサム,2025-03-04,他社による買収（公開買付け、株式併合）
6640,Ｉ－ＰＥＸ（株）,2025-03-10,ＭＢＯ（公開買付け、株式併合）
5610,大和重工（株）,2025-03-11,ＭＢＯ（公開買付け、株式併合）
1730,麻生フオームクリート（株）,2025-03-17,支配株主等による買収（公開買付け、株式等売渡請求による取得）
7518,ネットワンシステムズ（株）,2025-03-18,他社による買収（公開買付け、株式併合）
9522,リニューアブル・ジャパン（株）,2025-03-19,ＭＢＯ（公開買付け、株式併合）
1973,ＮＥＣネッツエスアイ（株）,2025-03-21,支配株主等による買収（公開買付け、株式併合）
5935,元旦ビューティ工業（株）,2025-03-21,ＭＢＯ（公開買付け、株式併合）
3254,（株）プレサンスコーポレーション,2025-03-28,支配株主等による買収（公開買付け、株式等売渡請求による取得）
7268,（株）タツミ,2025-03-28,ミツバの完全子会社化（株式交換）
5481,山陽特殊製鋼（株）,2025-04-23,支配株主等による買収（公開買付け、株式等売渡請求による取得）
9260,西本Ｗｉｓｍｅｔｔａｃホールディングス（株）,2025-04-23,ＭＢＯ（公開買付け、株式併合）
3264,（株）アスコット,2025-04-25,他社による買収（公開買付け、株式等売渡請求による取得）
3666,（株）テクノスジャパン,2025-04-30,他社による買収（公開買付け、株式等売渡請求による取得）
5277,（株）スパンクリートコーポレーション,2025-05-09,支配株主等による買収（株式併合）
2372,（株）アイロムグループ,2025-05-12,ＭＢＯ（公開買付け、株式併合）
9161,ＩＤ＆Ｅホールディングス（株）,2025-05-13,他社による買収（公開買付け、株式併合）
3604,川本産業（株）,2025-05-14,支配株主等による買収（公開買付け、株式等売渡請求による取得）
9852,ＣＢグループマネジメント（株）,2025-05-14,他社による買収（公開買付け、株式等売渡請求による取得）
9749,富士ソフト（株）,2025-05-16,他社による買収（公開買付け、株式併合）
6319,（株）シンニッタン,2025-05-26,他社による買収（公開買付け、株式等売渡請求による取得）
7559,ジーエフシー（株）,2025-05-28,ＭＢＯ（公開買付け、株式併合）
3458,（株）シーアールイー,2025-05-29,ＭＢＯ（公開買付け、株式併合）
6697,テックポイント・インク,2025-05-29,ASMedia Technology Inc.の完全子会社（合併）
2107,東洋精糖（株）,2025-06-02,他社による買収（公開買付け、株式併合）
6967,新光電気工業（株）,2025-06-06,他社による買収（公開買付け、株式併合）
6131,浜井産業（株）,2025-06-09,ＭＢＯ（公開買付け、株式併合）
4435,（株）カオナビ,2025-06-11,他社による買収（公開買付け、株式併合）
6715,（株）ナカヨ,2025-06-13,他社による買収（公開買付け、株式併合）
4298,（株）プロトコーポレーション,2025-06-16,ＭＢＯ（公開買付け、株式併合）
7386,ジャパンワランティサポート（株）,2025-06-16,支配株主等による買収（株式併合）
3978,（株）マクロミル,2025-06-17,他社による買収（公開買付け、株式併合）
5585,エコナビスタ（株）,2025-06-17,他社による買収（公開買付け、株式等売渡請求による取得）
8038,東都水産（株）,2025-06-17,支配株主等による買収（公開買付け、株式併合）
2397,（株）ＤＮＡチップ研究所,2025-06-19,他社による買収（公開買付け、株式併合）
9070,トナミホールディングス（株）,2025-06-19,ＭＢＯ（公開買付け、株式併合）
4304,（株）Ｅストアー,2025-06-20,他社による買収（公開買付け、株式併合）
8905,イオンモール（株）,2025-06-27,イオンの完全子会社化（株式交換）
4173,（株）ＷＡＣＵＬ,2025-07-02,他社による買収（公開買付け、株式等売渡請求による取得）
9384,内外トランスライン（株）,2025-07-09,他社による買収（公開買付け、株式併合）
8886,（株）ウッドフレンズ,2025-07-11,他社による買収（公開買付け、株式等売渡請求による取得）
7408,（株）ジャムコ,2025-07-17,他社による買収（公開買付け、株式併合）
9787,イオンディライト（株）,2025-07-17,支配株主等による買収（公開買付け、株式併合）
4267,（株）ライトワークス,2025-07-28,ＭＢＯ（公開買付け、株式併合）
9479,（株）インプレスホールディングス,2025-07-28,支配株主等による買収（株式併合）
6550,Ｕｎｉｐｏｓ（株）,2025-07-30,リンクアンドモチベーションの完全子会社化（株式交換）
7623,（株）サンオータス,2025-08-18,ＭＢＯ（公開買付け、株式併合）
7958,天馬（株）,2025-08-18,ＭＢＯ（公開買付け、株式併合）
6755,（株）富士通ゼネラル,2025-08-19,他社による買収（公開買付け、株式併合）
3347,（株）トラスト,2025-08-20,支配株主等による買収（公開買付け、株式等売渡請求による取得）
3328,ＢＥＥＮＯＳ（株）,2025-08-28,他社による買収（公開買付け、株式併合）
4551,鳥居薬品（株）,2025-08-28,他社による買収（公開買付け、株式併合）
8208,（株）エンチョー,2025-08-28,ＤＣＭホールディングスの完全子会社化（株式交換）
260A,（株）オルツ,2025-08-31,新規上場申請に係る宣誓書における重大な違反
9696,（株）ウィザス,2025-09-04,他社による買収（公開買付け、株式等売渡請求による取得）
3814,（株）アルファクス・フード・システム,2025-09-06,半期報告書の提出遅延
1757,（株）創建エース,2025-09-19,有価証券報告書等の虚偽記載
3497,（株）ＬｅＴｅｃｈ,2025-09-19,他社による買収（公開買付け、株式併合）
7379,（株）サーキュレーション,2025-09-19,他社による買収（公開買付け、株式等売渡請求による取得）
9164,（株）トライト,2025-09-24,他社による買収（公開買付け、株式併合）
7163,住信ＳＢＩネット銀行（株）,2025-09-25,他社による買収（公開買付け、株式併合）
7451,三菱食品（株）,2025-09-26,支配株主等による買収（公開買付け、株式併合）
9613,（株）ＮＴＴデータグループ,2025-09-26,支配株主等による買収（公開買付け、株式併合）
3319,（株）ゴルフダイジェスト・オンライン,2025-09-29,ＭＢＯ（公開買付け、株式併合）
5009,富士興産（株）,2025-09-29,富士ユナイトホールディングスの完全子会社化（株式移転）
6026,ＧＭＯ　ＴＥＣＨ（株）,2025-09-29,ＧＭＯ ＴＥＣＨホールディングスの完全子会社化（株式移転）
6048,（株）デザインワン・ジャパン,2025-09-29,ＧＭＯ ＴＥＣＨホールディングスの完全子会社化（株式移転）
6879,（株）ＩＭＡＧＩＣＡ　ＧＲＯＵＰ,2025-09-29,ＭＢＯ（公開買付け、株式併合）
8279,（株）ヤオコー,2025-09-29,ブルーゾーンホールディングスの完全子会社化（株式移転）
9275,（株）ナルミヤ・インターナショナル,2025-09-29,ワールドの完全子会社化（株式交換）
9377,（株）エージーピー,2025-09-29,支配株主等による買収（株式併合）
1884,日本道路（株）,2025-10-10,支配株主等による買収（公開買付け、株式併合）
6411,中野冷機（株）,2025-10-14,他社による買収（公開買付け、株式併合）
7605,（株）フジ・コーポレーション,2025-10-14,他社による買収（公開買付け、株式併合）
9066,（株）日新,2025-10-15,ＭＢＯ（公開買付け、株式併合）
6973,協栄産業（株）,2025-10-16,他社による買収（公開買付け、株式併合）
6095,メドピア（株）,2025-10-17,ＭＢＯ（公開買付け、株式併合）
2830,アヲハタ（株）,2025-10-30,キユーピーの完全子会社化（株式交換）
3770,（株）ザッパラス,2025-10-30,光通信の完全子会社化（株式交換）
9386,日本コンセプト（株）,2025-11-04,ＭＢＯ（公開買付け、株式併合）
6416,桂川電機（株）,2025-11-05,ＭＢＯ（公開買付け、株式等売渡請求による取得）
5577,（株）アイデミー,2025-11-06,他社による買収（公開買付け、株式等売渡請求による取得）
6297,鉱研工業（株）,2025-11-17,他社による買収（公開買付け、株式併合）
6930,日本アンテナ（株）,2025-11-20,エレコムの完全子会社化（株式交換）
3073,（株）ＤＤグループ,2025-11-21,ＭＢＯ（公開買付け、株式併合）
3847,パシフィックシステム（株）,2025-11-26,支配株主等による買収（公開買付け、株式等売渡請求による取得）
165A,ＳＢＩレオスひふみ（株）,2025-11-27,ＳＢＩグローバルアセットマネジメントに合併（会社合併）
3141,ウエルシアホールディングス（株）,2025-11-27,ツルハホールディングスの完全子会社化（株式交換）
5595,（株）ＱＰＳ研究所,2025-11-27,ＱＰＳホールディングスの完全子会社化（株式移転）
8940,（株）インテリックス,2025-11-27,インテリックスホールディングスの完全子会社化（株式移転）
1743,コーアツ工業（株）,2025-11-28,他社による買収（公開買付け、株式併合）
7732,（株）トプコン,2025-12-02,ＭＢＯ（公開買付け、株式併合）
3688,（株）ＣＡＲＴＡ　ＨＯＬＤＩＮＧＳ,2025-12-08,他社による買収（公開買付け、株式併合）
6028,テクノプロ・ホールディングス（株）,2025-12-09,他社による買収（公開買付け、株式併合）
5070,（株）ドラフト,2025-12-12,ＭＢＯ（公開買付け、株式併合）
3540,（株）歯愛メディカル,2025-12-15,支配株主等による買収（公開買付け、株式併合）
1890,東洋建設（株）,2025-12-16,他社による買収（公開買付け、株式併合）
1712,（株）ダイセキ環境ソリューション,2025-12-19,支配株主等による買収（公開買付け、株式等売渡請求による取得）
1821,三井住友建設（株）,2025-12-19,他社による買収（公開買付け、株式併合）
3341,日本調剤（株）,2025-12-19,他社による買収（公開買付け、株式併合）
4319,ＴＡＣ（株）,2025-12-19,ＭＢＯ（公開買付け、株式併合）
6937,古河電池（株）,2025-12-22,他社による買収（公開買付け、株式併合）
2150,（株）ケアネット,2025-12-23,他社による買収（公開買付け、株式併合）
6373,大同工業（株）,2025-12-29,椿本チエインの完全子会社化（株式交換）
3094,（株）スーパーバリュー,2026-01-05,支配株主等による買収（公開買付け、株式等売渡請求による取得）
4745,（株）東京個別指導学院,2026-01-08,支配株主等による買収（株式併合）
6957,（株）芝浦電子,2026-01-13,他社による買収（公開買付け、株式併合）
176A,レジル（株）,2026-01-14,他社による買収（公開買付け、株式併合）
6542,（株）ＦＣホールディングス,2026-01-14,他社による買収（公開買付け、株式併合）
2743,ピクセルカンパニーズ（株）,2026-01-16,内部管理体制確認書の提出前で、内部管理体制等が適切に整備される又は適切に運用される見込みがなくなったと当取引所が認める場合
5017,富士石油（株）,2026-01-20,支配株主等による買収（公開買付け、株式併合）
6312,フロイント産業（株）,2026-01-27,ＭＢＯ（公開買付け、株式併合）
4080,（株）田中化学研究所,2026-01-28,住友化学の完全子会社化（株式交換）
5191,住友理工（株）,2026-01-29,支配株主等による買収（公開買付け、株式等売渡請求による取得）
5476,日本高周波鋼業（株）,2026-01-29,神戸製鋼所の完全子会社化（株式交換）
6060,こころネット（株）,2026-01-29,燦ホールディングスの完全子会社化（株式交換）
7817,パラマウントベッドホールディングス（株）,2026-02-05,ＭＢＯ（公開買付け、株式併合）
9776,札幌臨床検査センター（株）,2026-02-16,他社による買収（株式併合）
5596,アウトルックコンサルティング（株）,2026-02-25,支配株主等による買収（公開買付け、株式等売渡請求による取得）
3526,芦森工業（株）,2026-02-26,支配株主等による買収（公開買付け、株式併合）
7445,（株）ライトオン,2026-02-26,ワールドの完全子会社化（株式交換）
9600,（株）アイネット,2026-02-26,他社による買収（公開買付け、株式併合）
1949,住友電設（株）,2026-03-03,他社による買収（公開買付け、株式併合）
4957,ヤスハラケミカル（株）,2026-03-06,ＭＢＯ（公開買付け、株式併合）
9719,ＳＣＳＫ（株）,2026-03-12,支配株主等による買収（公開買付け、株式併合）
2374,セントケア・ホールディング（株）,2026-03-13,ＭＢＯ（公開買付け、株式併合）
7718,スター精密（株）,2026-03-13,他社による買収（公開買付け、株式併合）
3655,（株）ブレインパッド,2026-03-17,他社による買収（公開買付け、株式併合）
5386,（株）鶴弥,2026-03-17,申請による上場廃止
2389,（株）デジタルホールディングス,2026-03-19,他社による買収（公開買付け、株式併合）
3961,シルバーエッグ・テクノロジー（株）,2026-03-23,他社による買収（公開買付け、株式併合）
6406,フジテック（株）,2026-03-23,他社による買収（公開買付け、株式併合）
6734,（株）ニューテック,2026-03-23,他社による買収（公開買付け、株式等売渡請求による取得）
7635,杉田エース（株）,2026-03-24,ＭＢＯ（公開買付け、株式併合）
7116,ダイワ通信（株）,2026-03-25,支配株主等による買収（株式併合）
1841,サンユー建設（株）,2026-03-27,ＭＢＯ（公開買付け、株式併合）
7923,トーイン（株）,2026-03-27,他社による買収（公開買付け、株式等売渡請求による取得）
2196,（株）エスクリ,2026-03-30,オンザページに合併（会社合併）
3924,（株）ランドコンピュータ,2026-03-30,トランヴィアの完全子会社化（株式移転）
4333,（株）東邦システムサイエンス,2026-03-30,トランヴィアの完全子会社化（株式移転）
5352,黒崎播磨（株）,2026-03-30,支配株主等による買収（公開買付け、株式等売渡請求による取得）
6210,ＴＯＹＯイノベックス（株）,2026-03-30,GMSグループの完全子会社化（株式移転）
6293,日精樹脂工業（株）,2026-03-30,GMSグループの完全子会社化（株式移転）
7205,日野自動車（株）,2026-03-30,ARCHIONの完全子会社化（株式交換）
7420,佐鳥電機（株）,2026-03-30,MIRAINIホールディングスの完全子会社化（株式移転）
7455,（株）パリミキホールディングス,2026-03-30,ＭＢＯ（公開買付け、株式併合）
7467,萩原電気ホールディングス（株）,2026-03-30,MIRAINIホールディングスの完全子会社化（株式移転）
8515,アイフル（株）,2026-03-30,ムニノバホールディングスの完全子会社化（株式移転）
7450,（株）サンデー,2026-04-01,支配株主等による買収（公開買付け、株式等売渡請求による取得）
7250,太平洋工業（株）,2026-04-13,ＭＢＯ（公開買付け、株式併合）
202A,（株）豆蔵,2026-04-14,他社による買収（公開買付け、株式等売渡請求による取得）
4690,日本パレットプール（株）,2026-04-15,他社による買収（公開買付け、株式等売渡請求による取得）
7092,（株）Ｆａｓｔ　Ｆｉｔｎｅｓｓ　Ｊａｐａｎ,2026-04-20,ＭＢＯ（公開買付け、株式併合）
7739,キヤノン電子（株）,2026-04-21,支配株主等による買収（公開買付け、株式併合）
3902,メディカル・データ・ビジョン（株）,2026-04-24,他社による買収（公開買付け、株式併合）
3541,（株）農業総合研究所,2026-04-27,他社による買収（公開買付け、株式併合）
7105,三菱ロジスネクスト（株）,2026-04-27,他社による買収（公開買付け、株式併合）
8209,（株）フレンドリー,2026-04-27,支配株主等による買収（株式併合）
5259,ＢＢＤイニシアティブ（株）,2026-04-28,ヘッドウォータースに合併（会社合併）
6565,ＡＢホテル（株）,2026-05-01,申請による上場廃止
2344,平安レイサービス（株）,2026-05-08,支配株主等による買収（株式併合）
4530,久光製薬（株）,2026-05-11,ＭＢＯ（公開買付け、株式併合）
7088,（株）フォーラムエンジニアリング,2026-05-13,他社による買収（公開買付け、株式併合）
3593,（株）ホギメディカル,2026-05-15,他社による買収（公開買付け、株式併合）
4917,（株）マンダム,2026-05-15,ＭＢＯ（公開買付け、株式併合）
6901,澤藤電機（株）,2026-05-15,他社による買収（公開買付け、株式併合）
2692,伊藤忠食品（株）,2026-05-19,支配株主等による買収（公開買付け、株式等売渡請求による取得）
5727,東邦チタニウム（株）,2026-05-28,ＪＸ金属の完全子会社化（株式交換）
6489,前澤工業（株）,2026-05-28,前澤ホールディングスの完全子会社化（株式移転）
7925,前澤化成工業（株）,2026-05-28,前澤ホールディングスの完全子会社化（株式移転）
1776,三井住建道路（株）,2026-05-29,支配株主等による買収（公開買付け、株式等売渡請求による取得）
4384,ラクスル（株）,2026-05-29,ＭＢＯ（公開買付け、株式併合）
1726,（株）ビーアールホールディングス,2026-06-01,他社による買収（公開買付け、株式併合）
6173,（株）アクアライン,2026-06-01,内部管理体制確認書が提出され、内部管理体制等が適切に整備されていない又は適切に運用される見込みがなくなったと当取引所が認める場合
6201,（株）豊田自動織機,2026-06-01,他社による買収（公開買付け、株式併合）
9067,（株）丸運,2026-06-04,他社による買収（公開買付け、株式併合）
7229,（株）ユタカ技研,2026-06-10,他社による買収（公開買付け、株式併合）
7999,ＭＵＴＯＨホールディングス（株）,2026-06-10,他社による買収（公開買付け、株式併合）
4556,（株）カイノス,2026-06-11,他社による買収（公開買付け、株式併合）
4974,タカラバイオ（株）,2026-06-12,支配株主等による買収（公開買付け、株式併合）
3294,（株）イーグランド,2026-06-15,他社による買収（公開買付け、株式等売渡請求による取得）
6670,（株）ＭＣＪ,2026-06-16,ＭＢＯ（公開買付け、株式併合）
9338,（株）ＩＮＦＯＲＩＣＨ,2026-06-16,ＭＢＯ（公開買付け、株式併合）
2540,養命酒製造（株）,2026-06-18,他社による買収（公開買付け、株式併合）
4659,（株）エイジス,2026-06-19,他社による買収（公開買付け、株式併合）
9927,（株）ワットマン,2026-06-19,ＭＢＯ（公開買付け、株式併合）
2686,（株）ジーフット,2026-06-23,支配株主等による買収（株式併合）
6403,水道機工（株）,2026-06-24,他社による買収（公開買付け、株式併合）
7922,三光産業（株）,2026-06-25,ＭＢＯ（公開買付け、株式併合）
3546,アレンザホールディングス（株）,2026-06-26,他社による買収（公開買付け、株式併合）
4494,バリオセキュア（株）,2026-06-26,ＨＥＲＯＺの完全子会社化（株式交換）
5856,（株）エルアイイーエイチ,2026-06-26,内部管理体制確認書が提出され、内部管理体制等が適切に整備されていない又は適切に運用される見込みがなくなったと当取引所が認める場合
3198,ＳＦＰホールディングス（株）,2026-06-29,クリエイト・レストランツ・ホールディングスに合併（会社合併）
4449,（株）ギフティ,2026-06-29,ギフティグループの完全子会社化（株式移転）
8289,（株）Ｏｌｙｍｐｉｃグループ,2026-06-29,パン・パシフィック・インターナショナルホールディングスの完全子会社化（株式交換）
3681,（株）ブイキューブ,2026-07-01,上場維持基準への不適合
7940,ウェーブロックホールディングス（株）,2026-07-09,他社による買収（株式併合）
7317,（株）松屋アールアンドディ,2026-07-17,他社による買収（公開買付け、株式等売渡請求による取得）
5903,シンポ（株）,2026-07-22,ＭＢＯ（公開買付け、株式等売渡請求による取得）
3271,（株）ＴＨＥグローバル社,2026-07-28,他社による買収（公開買付け、株式併合）
6096,（株）レアジョブ,2026-07-29,学研ホールディングスの完全子会社化（株式交換）
2763,（株）エフティグループ,2026-07-30,光通信の完全子会社化（株式交換）
4367,広栄化学（株）,2026-07-30,住友化学の完全子会社化（株式交換）
6197,（株）ソラスト,2026-08-06,ＭＢＯ（公開買付け、株式併合）
8283,（株）ＰＡＬＴＡＣ,2026-08-10,支配株主等による買収（公開買付け、株式等売渡請求による取得）
4171,（株）グローバルインフォメーション,2026-08-13,他社による買収（公開買付け、株式等売渡請求による取得）
5103,昭和ホールディングス（株）,2026-08-25,内部管理体制等が適切に整備される又は適切に運用される見込みがないと当取引所が認める場合
2162,ｎｍｓ　ホールディングス（株）,2026-08-28,支配株主等による買収（公開買付け、株式等売渡請求による取得）
3079,ディーブイエックス（株）,2026-08-28,オルバディーブイエックスヘルスケアの完全子会社化（株式交換）
5660,神鋼鋼線工業（株）,2026-08-28,神戸製鋼所の完全子会社化（株式交換）
3480,（株）ジェイ・エス・ビー,2026-09-02,他社による買収（公開買付け、株式等売渡請求による取得）
1909,日本ドライケミカル（株）,2026-09-14,他社による買収（公開買付け、株式併合）
9914,（株）植松商会,2026-09-21,上場維持基準への不適合
1948,（株）弘電社,2026-09-25,他社による買収（公開買付け、株式併合）
3856,Ａｂａｌａｎｃｅ（株）,2026-09-26,内部管理体制確認書の提出前で、内部管理体制等が適切に整備される又は適切に運用される見込みがなくなったと当取引所が認める場合
3670,協立情報通信（株）,2026-10-01,上場維持基準への不適合
3787,（株）テクノマセマティカル,2026-10-01,上場維持基準への不適合
4316,（株）ビーマップ,2026-10-01,上場維持基準への不適合
6147,（株）ヤマザキ,2026-10-01,上場維持基準への不適合
7255,（株）桜井製作所,2026-10-01,上場維持基準への不適合
7426,（株）山大,2026-10-01,上場維持基準への不適合
7709,クボテック（株）,2026-10-01,上場維持基準への不適合
7851,カワセコンピュータサプライ（株）,2026-10-01,上場維持基準への不適合
7946,（株）光陽社,2026-10-01,上場維持基準への不適合
7985,ネポン（株）,2026-10-01,上場維持基準への不適合
1382,（株）ホーブ,2027-01-01,上場維持基準への不適合
