code,date,name
2678,2026-09-15,アスクル
2796,2026-09-17,ファーマライズホールディングス
3544,2026-09-18,サツドラホールディングス
6905,2026-09-18,コーセル
3160,2026-09-24,大光
4716,2026-09-24,日本オラクル
2742,2026-09-25,ハローズ
2778,2026-09-25,パレモ・ホールディングス
3333,2026-09-25,あさひ
4465,2026-09-25,ニイタカ
7624,2026-09-28,ＮａＩＴＯ
8227,2026-09-28,しまむら
2792,2026-09-29,ハニーズホールディングス
3050,2026-09-29,ＤＣＭホールディングス
3607,2026-09-29,クラウディアホールディングス
7068,2026-09-29,フィードフォースグループ
7921,2026-09-29,ＴＡＫＡＲＡ　＆　ＣＯＭＰＡＮＹ
8217,2026-09-29,オークワ
9253,2026-09-29,スローガン
9976,2026-09-29,セキチュー
192A,2026-09-30,インテグループ
2354,2026-09-30,ＹＥ　ＤＩＧＩＴＡＬ
2685,2026-09-30,アンドエスティＨＤ
2935,2026-09-30,ピックルスホールディングス
2975,2026-09-30,スター・マイカ・ホールディングス
3089,2026-09-30,テクノアルファ
6083,2026-09-30,ＥＲＩホールディングス
9265,2026-09-30,ヤマシタヘルスケアホールディングス
9369,2026-09-30,キユーソー流通システム
9651,2026-09-30,日本プロセス
2493,2026-10-01,イーサポートリンク
3549,2026-10-01,クスリのアオキホールディングス
5942,2026-10-01,日本フイルコン
7447,2026-10-01,ナガイレーベン
7545,2026-10-01,西松屋チェーン
8276,2026-10-01,平和堂
3035,2026-10-02,ケイティケイ
3321,2026-10-02,ミタチ産業
4394,2026-10-02,エクスモーション
6279,2026-10-02,瑞光
6664,2026-10-02,オプトエレクトロニクス
7611,2026-10-02,ハイデイ日高
7965,2026-10-02,象印マホービン
7975,2026-10-02,リヒトラブ
8931,2026-10-02,和田興産
9872,2026-10-02,北恵
1376,2026-10-05,カネコ種苗
2300,2026-10-05,きょくとう
2753,2026-10-05,あみやき亭
2789,2026-10-05,カルラ
3148,2026-10-05,クリエイトＳＤホールディングス
3186,2026-10-05,ネクステージ
3377,2026-10-05,バイク王＆カンパニー
3498,2026-10-05,霞ヶ関キャピタル
3612,2026-10-05,ワールド
6474,2026-10-05,不二越
7630,2026-10-05,壱番屋
7679,2026-10-05,薬王堂ホールディングス
8923,2026-10-05,トーセイ
9558,2026-10-05,ジャパニアス
9793,2026-10-05,ダイセキ
1377,2026-10-06,サカタのタネ
2659,2026-10-06,サンエー
2726,2026-10-06,パルグループホールディングス
2734,2026-10-06,サーラコーポレーション
3396,2026-10-06,フェリシモ
5243,2026-10-06,ｎｏｔｅ
6469,2026-10-06,放電精密加工研究所
6496,2026-10-06,中北製作所
8011,2026-10-06,三陽商会
2670,2026-10-07,エービーシー・マート
2918,2026-10-07,わらべや日洋ホールディングス
3391,2026-10-07,ツルハホールディングス
428A,2026-10-07,サイプレス・ホールディングス
5932,2026-10-07,三協立山
6093,2026-10-07,ミトラグループ
6255,2026-10-07,エヌ・ピー・シー
8166,2026-10-07,タカキュー
9846,2026-10-07,天満屋ストア
2303,2026-10-08,ドーン
2341,2026-10-08,アルバイトタイムス
2408,2026-10-08,ＫＧ情報
2809,2026-10-08,キユーピー
3382,2026-10-08,セブン＆アイ・ホールディングス
3490,2026-10-08,アズ企画設計
3907,2026-10-08,シリコンスタジオ
4361,2026-10-08,川口化学工業
4728,2026-10-08,トーセ
4763,2026-10-08,クリーク・アンド・リバー社
4825,2026-10-08,ウェザーニューズ
6323,2026-10-08,ローツェ
7487,2026-10-08,小津産業
7513,2026-10-08,コジマ
7544,2026-10-08,スリーエフ
7649,2026-10-08,スギホールディングス
8016,2026-10-08,オンワードホールディングス
8125,2026-10-08,ワキタ
8194,2026-10-08,ライフコーポレーション
8203,2026-10-08,ＭｒＭａｘＨＤ
8278,2026-10-08,フジ
9414,2026-10-08,日本ＢＳ放送
9716,2026-10-08,乃村工藝社
9720,2026-10-08,ホテル、ニューグランド
9765,2026-10-08,オオバ
9861,2026-10-08,吉野家ホールディングス
9903,2026-10-08,カンセキ
9946,2026-10-08,ミニストップ
9983,2026-10-08,ファーストリテイリング
137A,2026-10-09,Ｃｏｃｏｌｉｖｅ
1997,2026-10-09,暁飯島工業
2157,2026-10-09,コシダカホールディングス
2669,2026-10-09,カネ美食品
2687,2026-10-09,シー・ヴイ・エス・ベイエリア
2698,2026-10-09,キャンドゥ
2722,2026-10-09,ＩＫホールディングス
2735,2026-10-09,ワッツ
2747,2026-10-09,北雄ラッキー
2999,2026-10-09,ホームポジション
3046,2026-10-09,ジンズホールディングス
3048,2026-10-09,ビックカメラ
3063,2026-10-09,ジェイグループホールディングス
3192,2026-10-09,白鳩
3201,2026-10-09,日本毛織
3222,2026-10-09,ユナイテッド・スーパーマーケット・ホールディングス
3353,2026-10-09,メディカル一光グループ
3454,2026-10-09,ファーストブラザーズ
3501,2026-10-09,ＳＵＭＩＮＯＥ
3550,2026-10-09,スタジオアタオ
3627,2026-10-09,テクミラホールディングス
3815,2026-10-09,メディア工房
3996,2026-10-09,サインポスト
4187,2026-10-09,大阪有機化学工業
4430,2026-10-09,東海ソフト
4440,2026-10-09,ヴィッツ
4443,2026-10-09,Ｓａｎｓａｎ
463A,2026-10-09,インテリックスホールディングス
4645,2026-10-09,市進ホールディングス
4735,2026-10-09,京進
4760,2026-10-09,アルファ
4829,2026-10-09,日本エンタープライズ
4992,2026-10-09,北興化学工業
5271,2026-10-09,トーヨーアサノ
5341,2026-10-09,ＡＳＡＨＩ　ＥＩＴＯホールディングス
5900,2026-10-09,ダイケン
5982,2026-10-09,マルゼン
6136,2026-10-09,オーエスジー
6264,2026-10-09,マルマエ
6289,2026-10-09,技研製作所
6506,2026-10-09,安川電機
6668,2026-10-09,アドテック　プラズマ　テクノロジー
6814,2026-10-09,古野電気
7370,2026-10-09,Ｅｎｊｉｎ
7427,2026-10-09,エコートレーディング
7501,2026-10-09,ティムコ
7603,2026-10-09,ジーイエット
7673,2026-10-09,ダイコー通産
7713,2026-10-09,シグマ光機
7888,2026-10-09,三光合成
8008,2026-10-09,ヨンドシーホールディングス
8127,2026-10-09,ヤマトインターナショナル
8200,2026-10-09,リンガーハット
8244,2026-10-09,近鉄百貨店
8570,2026-10-09,イオンフィナンシャルサービス
8908,2026-10-09,毎日コムネット
9270,2026-10-09,バリュエンスホールディングス
9313,2026-10-09,丸八倉庫
9381,2026-10-09,エーアイテイー
9647,2026-10-09,協和コンサルタンツ
9740,2026-10-09,セントラル警備保障
9835,2026-10-09,ジュンテンドー
9972,2026-10-09,アルテック
9974,2026-10-09,ベルク
9982,2026-10-09,タキヒヨー
1401,2026-10-13,エムビーエス
1419,2026-10-13,タマホーム
189A,2026-10-13,Ｄ＆Ｍカンパニー
2164,2026-10-13,地域新聞社
228A,2026-10-13,オプロ
2338,2026-10-13,クオンタムソリューションズ
2379,2026-10-13,ディップ
2653,2026-10-13,イオン九州
2668,2026-10-13,タビオ
2736,2026-10-13,フェスタリアホールディングス
2769,2026-10-13,ヴィレッジヴァンガードコーポレーション
2791,2026-10-13,大黒天物産
3080,2026-10-13,ジェーソン
3086,2026-10-13,Ｊ．フロント　リテイリング
3087,2026-10-13,ドトール・日レスホールディングス
3236,2026-10-13,プロパスト
3267,2026-10-13,フィル・カンパニー
3297,2026-10-13,東武住販
3349,2026-10-13,コスモス薬品
3647,2026-10-13,アスリナ
4176,2026-10-13,ココナラ
4198,2026-10-13,テンダ
4199,2026-10-13,ワンダープラネット
4274,2026-10-13,細谷火工
4343,2026-10-13,イオンファンタジー
4714,2026-10-13,リソー教育グループ
4920,2026-10-13,日本色材工業研究所
575A,2026-10-13,前澤ホールディングス
6159,2026-10-13,ミクロン精密
6217,2026-10-13,津田駒工業
6432,2026-10-13,竹内製作所
7085,2026-10-13,カーブスホールディングス
7219,2026-10-13,エッチ・ケー・エス
7512,2026-10-13,イオン北海道
7516,2026-10-13,コーナン商事
7520,2026-10-13,エコス
7607,2026-10-13,進和
7725,2026-10-13,インターアクション
7811,2026-10-13,中本パックス
8095,2026-10-13,アステナホールディングス
8181,2026-10-13,東天紅
8198,2026-10-13,マックスバリュ東海
8247,2026-10-13,大和
8267,2026-10-13,イオン
8273,2026-10-13,イズミ
8904,2026-10-13,ＡＶＡＮＴＩＡ
9216,2026-10-13,ビーウィズ
9278,2026-10-13,ブックオフグループホールディングス
9661,2026-10-13,歌舞伎座
9812,2026-10-13,テーオーホールディングス
9876,2026-10-13,コックス
9948,2026-10-13,アークス
135A,2026-10-14,ＶＲＡＩＮ　Ｓｏｌｕｔｉｏｎ
138A,2026-10-14,光フードサービス
1434,2026-10-14,ＪＥＳＣＯホールディングス
156A,2026-10-14,マテリアルグループ
2153,2026-10-14,Ｅ・Ｊホールディングス
2186,2026-10-14,ソーバル
2292,2026-10-14,Ｓ　Ｆｏｏｄｓ
2305,2026-10-14,スタジオアリス
2337,2026-10-14,いちご
2459,2026-10-14,アウンコンサルティング
2462,2026-10-14,ライク
2471,2026-10-14,エスプール
2872,2026-10-14,セイヒョー
2882,2026-10-14,イートアンドホールディングス
3030,2026-10-14,ハブ
3045,2026-10-14,カワサキ
3065,2026-10-14,ライフフーズ
3075,2026-10-14,銚子丸
3077,2026-10-14,ホリイフードサービス
3083,2026-10-14,スターシーズ
3093,2026-10-14,トレジャー・ファクトリー
3139,2026-10-14,ラクト・ジャパン
3168,2026-10-14,ＭＥＲＦ
3177,2026-10-14,ありがとうサービス
3181,2026-10-14,買取王国
323A,2026-10-14,フライヤー
3280,2026-10-14,エストラスト
3387,2026-10-14,クリエイト・レストランツ・ホールディングス
339A,2026-10-14,プログレス・テクノロジーズ　グループ
340A,2026-10-14,ジグザグ
3536,2026-10-14,アクサスホールディングス
3543,2026-10-14,コメダホールディングス
3560,2026-10-14,ほぼ日
3562,2026-10-14,Ｎｏ．１
3608,2026-10-14,ＴＳＩホールディングス
365A,2026-10-14,伊澤タオル
3678,2026-10-14,メディアドゥ
3760,2026-10-14,ケイブ
3892,2026-10-14,岡山製紙
3922,2026-10-14,ＰＲ　ＴＩＭＥＳ
3967,2026-10-14,エルテス
3987,2026-10-14,エコモット
3991,2026-10-14,ウォンテッドリー
4057,2026-10-14,インターファクトリー
4076,2026-10-14,シイエヌエス
4397,2026-10-14,チームスピリット
4429,2026-10-14,リックソフト
4432,2026-10-14,ウイングアーク１ｓｔ
4577,2026-10-14,ダイト
464A,2026-10-14,ＱＰＳホールディングス
4668,2026-10-14,明光ネットワークジャパン
4673,2026-10-14,川崎地質
505A,2026-10-14,ギークリー
5129,2026-10-14,ＦＩＸＥＲ
523A,2026-10-14,セイワホールディングス
5246,2026-10-14,ＥＬＥＭＥＮＴＳ
5250,2026-10-14,ＧＭＯプライム・ストラテジー
542A,2026-10-14,ビタブリッドジャパン
5578,2026-10-14,ＡＲアドバンストテクノロジ
5885,2026-10-14,ジーデップ・アドバンス
5967,2026-10-14,ＴＯＮＥ
6047,2026-10-14,Ｇｕｎｏｓｙ
6086,2026-10-14,シンメンテホールディングス
6183,2026-10-14,ベルシステム２４ホールディングス
6505,2026-10-14,東洋電機製造
6552,2026-10-14,ＧａｍｅＷｉｔｈ
6558,2026-10-14,クックビズ
6634,2026-10-14,ＪＮグループ
6897,2026-10-14,ツインバード
7373,2026-10-14,アイドマ・ホールディングス
7453,2026-10-14,良品計画
7581,2026-10-14,サイゼリヤ
7599,2026-10-14,ＩＤＯＭ
7601,2026-10-14,ポプラ
7608,2026-10-14,エスケイジャパン
7805,2026-10-14,プリントネット
7847,2026-10-14,グラファイトデザイン
7879,2026-10-14,ノダ
7928,2026-10-14,旭化学工業
8143,2026-10-14,ラピーヌ
8237,2026-10-14,松屋
8260,2026-10-14,井筒屋
9168,2026-10-14,ライズ・コンサルティング・グループ
9264,2026-10-14,ポエック
9331,2026-10-14,キャスター
9418,2026-10-14,Ｕ－ＮＥＸＴ　ＨＯＬＤＩＮＧＳ
9560,2026-10-14,プログリット
9601,2026-10-14,松竹
9837,2026-10-14,モリト
9993,2026-10-14,ヤマザワ
1407,2026-10-15,ウエストホールディングス
1418,2026-10-15,インターライフホールディングス
1430,2026-10-15,ファーストコーポレーション
1887,2026-10-15,日本国土開発
190A,2026-10-15,Ｃｈｏｒｄｉａ　Ｔｈｅｒａｐｅｕｔｉｃｓ
198A,2026-10-15,ＰｏｓｔＰｒｉｍｅ
205A,2026-10-15,ロゴスホールディングス
2168,2026-10-15,パソナグループ
2404,2026-10-15,鉄人化ホールディングス
2437,2026-10-15,Ｓｈｉｎｗａ　Ｗｉｓｅ　Ｈｏｌｄｉｎｇｓ
2449,2026-10-15,プラップジャパン
244A,2026-10-15,グロースエクスパートナーズ
245A,2026-10-15,ＩＮＧＳ
2484,2026-10-15,出前館
274A,2026-10-15,ガーデン
2762,2026-10-15,ＳＡＮＫＯ　ＭＡＲＫＥＴＩＮＧ　ＦＯＯＤＳ
276A,2026-10-15,ククレブ・アドバイザーズ
277A,2026-10-15,グロービング
2798,2026-10-15,ワイズテーブルコーポレーション
280A,2026-10-15,ＴＭＨ
2884,2026-10-15,ヨシムラ・フード・ホールディングス
2901,2026-10-15,ウェルディッシュ
2927,2026-10-15,ＡＦＣ－ＨＤアムスライフサイエンス
2930,2026-10-15,北の達人コーポレーション
2934,2026-10-15,ジェイフロンティア
2936,2026-10-15,ベースフード
3021,2026-10-15,パシフィックネット
304A,2026-10-15,フォルシア
3174,2026-10-15,ハピネス・アンド・ディ
3189,2026-10-15,ＡＮＡＰホールディングス
3223,2026-10-15,エスエルディー
325A,2026-10-15,ＴＥＮＴＩＡＬ
3266,2026-10-15,ファンドクリエーショングループ
3281,2026-10-15,ＧＬＰ投資法人
3440,2026-10-15,日創グループ
3479,2026-10-15,ＴＫＰ
3547,2026-10-15,ユニシアホールディングス
3548,2026-10-15,バロックジャパンリミテッド
3557,2026-10-15,ユナイテッド＆コレクティブ
3558,2026-10-15,ジェイドグループ
3645,2026-10-15,メディカルネット
367A,2026-10-15,プリモグローバルホールディングス
3697,2026-10-15,ＳＨＩＦＴ
369A,2026-10-15,エータイ
372A,2026-10-15,レント
373A,2026-10-15,リップス
3791,2026-10-15,ＩＧポート
3810,2026-10-15,サイバーステップホールディングス
3826,2026-10-15,システムインテグレータ
3915,2026-10-15,テラスカイ
3935,2026-10-15,エディア
3994,2026-10-15,マネーフォワード
4015,2026-10-15,ペイクラウドホールディングス
4016,2026-10-15,ＭＩＴホールディングス
402A,2026-10-15,アクセルスペースホールディングス
414A,2026-10-15,オーバーラップホールディングス
4197,2026-10-15,アスマーク
4270,2026-10-15,ＢｅｅＸ
4370,2026-10-15,モビルス
4412,2026-10-15,サイエンスアーツ
4413,2026-10-15,ボードルア
4434,2026-10-15,サーバーワークス
4439,2026-10-15,東名
4616,2026-10-15,川上塗料
469A,2026-10-15,フィットクルー
4885,2026-10-15,室町ケミカル
5018,2026-10-15,ＭＯＲＥＳＣＯ
5025,2026-10-15,マーキュリー
5026,2026-10-15,トリプルアイズ
5078,2026-10-15,セレコーポレーション
5527,2026-10-15,ｐｒｏｐｅｒｔｙ　ｔｅｃｈｎｏｌｏｇｉｅｓ
5574,2026-10-15,ＡＢＥＪＡ
5575,2026-10-15,Ｇｌｏｂｅｅ
5580,2026-10-15,プロディライト
5817,2026-10-15,ＪＭＡＣＳ
581A,2026-10-15,ＧＯ
5869,2026-10-15,早稲田学習研究会
589A,2026-10-15,ネイス
6058,2026-10-15,ベクトル
6150,2026-10-15,タケダ機械
6182,2026-10-15,メタリアル
618A,2026-10-15,ＫＯＭＰＥＩＴＯ
6199,2026-10-15,セラク
6224,2026-10-15,ＪＲＣ
623A,2026-10-15,ベルテックス
6521,2026-10-15,オキサイド
6522,2026-10-15,アスタリスク
6532,2026-10-15,ベイカレント
6543,2026-10-15,日宣
6555,2026-10-15,ＭＳ＆Ｃｏｎｓｕｌｔｉｎｇ
6572,2026-10-15,オープングループ
6578,2026-10-15,コレックホールディングス
6866,2026-10-15,日置電機
7035,2026-10-15,ａｎｄ　ｆａｃｔｏｒｙ
7049,2026-10-15,識学
7065,2026-10-15,ユーピーアール
7074,2026-10-15,トゥエンティーフォーセブンホールディングス
7077,2026-10-15,ＡＬｉＮＫインターネット
7083,2026-10-15,ＡＨＣグループ
7351,2026-10-15,グッドパッチ
7352,2026-10-15,ＴＷＯＳＴＯＮＥ＆Ｓｏｎｓ
7357,2026-10-15,ジオコード
7360,2026-10-15,オンデック
7388,2026-10-15,ＦＰパートナー
7514,2026-10-15,ヒマラヤ
7610,2026-10-15,テイツー
7689,2026-10-15,コパ・コーポレーション
7719,2026-10-15,東京衡機
7730,2026-10-15,マニー
7807,2026-10-15,幸和製作所
7808,2026-10-15,シー・エス・ランバー
7815,2026-10-15,東京ボード工業
7818,2026-10-15,トランザクション
7997,2026-10-15,くろがね工作所
8167,2026-10-15,リテールパートナーズ
8233,2026-10-15,高島屋
8254,2026-10-15,さいか屋
8783,2026-10-15,ａｂｃ
8887,2026-10-15,シーラホールディングス
9215,2026-10-15,ＣａＳｙ
9238,2026-10-15,バリュークリエーション
9241,2026-10-15,フューチャーリンクネットワーク
9250,2026-10-15,ＧＲＣＳ
9252,2026-10-15,ラストワンマイル
9326,2026-10-15,関通ホールディングス
9602,2026-10-15,東宝
9628,2026-10-15,燦ホールディングス
9778,2026-10-15,昴
9978,2026-10-15,文教堂グループホールディングス
9979,2026-10-15,大庄
2411,2026-10-16,ゲンダイエージェンシー
2972,2026-10-16,サンケイリアルエステート投資法人
3462,2026-10-16,野村不動産マスターファンド投資法人
3295,2026-10-19,ヒューリックリート投資法人
3481,2026-10-19,三菱地所物流リート投資法人
3488,2026-10-19,セントラル・リート投資法人
8984,2026-10-19,大和ハウスリート投資法人
3226,2026-10-20,三井不動産アコモデーションファンド投資法人
3466,2026-10-20,ラサールロジポート投資法人
5933,2026-10-20,アルインコ
5990,2026-10-20,スーパーツール
8968,2026-10-20,福岡リート投資法人
296A,2026-10-21,令和アカウンティング・ホールディングス
3290,2026-10-21,Ｏｎｅリート投資法人
4929,2026-10-21,アジュバンホールディングス
5576,2026-10-21,オービーシステム
8953,2026-10-21,日本都市ファンド投資法人
3091,2026-10-22,ブロンコビリー
5204,2026-10-22,石塚硝子
6146,2026-10-22,ディスコ
8617,2026-10-22,光世証券
8954,2026-10-22,オリックス不動産投資法人
9478,2026-10-22,ＳＥホールディングス・アンド・インキュベーションズ
2268,2026-10-23,Ｂ－Ｒ　サーティワン　アイスクリーム
2804,2026-10-23,ブルドックソース
3492,2026-10-23,ＭＩＲＡＲＴＨ不動産投資法人
3912,2026-10-23,モバイルファクトリー
5423,2026-10-23,東京製鐵
6629,2026-10-23,テクノホライゾン
6954,2026-10-23,ファナック
6999,2026-10-23,ＫＯＡ
7422,2026-10-23,東邦レマック
7931,2026-10-23,未来工業
8707,2026-10-23,岩井コスモホールディングス
8961,2026-10-23,森トラストリート投資法人
9029,2026-10-23,ヒガシホールディングス
1718,2026-10-26,美樹工業
3635,2026-10-26,コーエーテクモホールディングス
6230,2026-10-26,ＳＡＮＥＩ
6663,2026-10-26,太洋テクノレックス
6923,2026-10-26,スタンレー電気
7970,2026-10-26,信越ポリマー
8060,2026-10-26,キヤノンマーケティングジャパン
2212,2026-10-27,山崎製パン
3911,2026-10-27,Ａｉｍｉｎｇ
4063,2026-10-27,信越化学工業
4479,2026-10-27,マクアケ
4519,2026-10-27,中外製薬
4684,2026-10-27,オービック
4733,2026-10-27,オービックビジネスコンサルタント
4765,2026-10-27,ＳＢＩグローバルアセットマネジメント
4973,2026-10-27,日本高純度化学
5279,2026-10-27,日本興業
5344,2026-10-27,ＭＡＲＵＷＡ
5532,2026-10-27,リアルゲイト
5609,2026-10-27,日本鋳造
5911,2026-10-27,横河ブリッジホールディングス
6337,2026-10-27,テセック
6988,2026-10-27,日東電工
7102,2026-10-27,日本車輌製造
7175,2026-10-27,今村証券
7309,2026-10-27,シマノ
7522,2026-10-27,ワタミ
7646,2026-10-27,ＰＬＡＮＴ
7751,2026-10-27,キヤノン
8218,2026-10-27,コメリ
8697,2026-10-27,日本取引所グループ
8892,2026-10-27,エスコン
9629,2026-10-27,ピー・シー・エー
9697,2026-10-27,カプコン
9733,2026-10-27,ナガセ
9782,2026-10-27,ディーエムエス
1930,2026-10-28,北陸電気工事
1934,2026-10-28,ユアテック
2002,2026-10-28,日清製粉グループ本社
2359,2026-10-28,コア
2664,2026-10-28,カワチ薬品
2737,2026-10-28,トーメンデバイス
2760,2026-10-28,東京エレクトロン　デバイス
3003,2026-10-28,ヒューリック
368A,2026-10-28,北里
3771,2026-10-28,システムリサーチ
3778,2026-10-28,さくらインターネット
3839,2026-10-28,ＯＤＫソリューションズ
3850,2026-10-28,イントラマート
3969,2026-10-28,エイトレッド
4373,2026-10-28,シンプレクス・ホールディングス
4644,2026-10-28,イマジニア
4722,2026-10-28,フューチャー
4832,2026-10-28,ＪＦＥシステムズ
4956,2026-10-28,コニシ
5659,2026-10-28,日本精線
5834,2026-10-28,ＳＢＩリーシングサービス
5992,2026-10-28,中央発條
5994,2026-10-28,ファインシンター
6023,2026-10-28,ダイハツインフィニアース
6382,2026-10-28,トリニティ工業
6470,2026-10-28,大豊工業
6526,2026-10-28,ソシオネクスト
6807,2026-10-28,日本航空電子工業
6857,2026-10-28,アドバンテスト
6955,2026-10-28,ＦＤＫ
7241,2026-10-28,フタバ産業
7276,2026-10-28,小糸製作所
7283,2026-10-28,愛三工業
8421,2026-10-28,信金中央金庫
8595,2026-10-28,ＪＡＦＣＯ
8604,2026-10-28,野村ホールディングス
8628,2026-10-28,松井証券
8871,2026-10-28,ゴールドクレスト
8914,2026-10-28,エリアリンク
9022,2026-10-28,東海旅客鉄道
9307,2026-10-28,杉村倉庫
9698,2026-10-28,クレオ
9932,2026-10-28,杉本商事
1946,2026-10-29,トーエネック
1959,2026-10-29,クラフティア
2060,2026-10-29,フィード・ワン
2175,2026-10-29,エス・エム・エス
2317,2026-10-29,システナ
2491,2026-10-29,バリューコマース
2594,2026-10-29,キーコーヒー
2914,2026-10-29,日本たばこ産業
3092,2026-10-29,ＺＯＺＯ
3116,2026-10-29,トヨタ紡織
3199,2026-10-29,綿半ホールディングス
3231,2026-10-29,野村不動産ホールディングス
3426,2026-10-29,アトムリビンテック
3793,2026-10-29,ドリコム
3799,2026-10-29,キーウェアソリューションズ
3891,2026-10-29,ニッポン高度紙工業
4043,2026-10-29,トクヤマ
4062,2026-10-29,イビデン
4113,2026-10-29,田岡化学工業
4205,2026-10-29,日本ゼオン
4212,2026-10-29,積水樹脂
4221,2026-10-29,大倉工業
4262,2026-10-29,ニフティライフスタイル
4307,2026-10-29,野村総合研究所
4308,2026-10-29,Ｊストリーム
4345,2026-10-29,シーティーエス
4366,2026-10-29,ダイトーケミックス
4461,2026-10-29,第一工業製薬
4498,2026-10-29,サイバートラスト
4502,2026-10-29,武田薬品工業
4507,2026-10-29,塩野義製薬
4528,2026-10-29,小野薬品工業
4549,2026-10-29,栄研化学
4552,2026-10-29,ＪＣＲファーマ
4661,2026-10-29,オリエンタルランド
4826,2026-10-29,ＣＩＪ
5471,2026-10-29,大同特殊鋼
5482,2026-10-29,愛知製鋼
5832,2026-10-29,ちゅうぎんフィナンシャルグループ
5906,2026-10-29,エムケー精工
5909,2026-10-29,コロナ
6035,2026-10-29,アイ・アールジャパンホールディングス
6161,2026-10-29,エスティック
6301,2026-10-29,小松製作所
6305,2026-10-29,日立建機
6345,2026-10-29,アイチ　コーポレーション
6349,2026-10-29,小森コーポレーション
6419,2026-10-29,マースグループホールディングス
6436,2026-10-29,アマノ
6454,2026-10-29,マックス
6471,2026-10-29,日本精工
6473,2026-10-29,ジェイテクト
6516,2026-10-29,山洋電気
6754,2026-10-29,アンリツ
6810,2026-10-29,マクセル
6822,2026-10-29,大井電気
6823,2026-10-29,リオン
6861,2026-10-29,キーエンス
6902,2026-10-29,デンソー
6912,2026-10-29,菊水ホールディングス
7022,2026-10-29,サノヤスホールディングス
7148,2026-10-29,ＦＰＧ
7185,2026-10-29,ヒロセ通商
7191,2026-10-29,イントラスト
7259,2026-10-29,アイシン
7278,2026-10-29,エクセディ
7282,2026-10-29,豊田合成
7419,2026-10-29,ノジマ
7477,2026-10-29,ムラキ
7687,2026-10-29,ミクリード
7919,2026-10-29,野崎印刷紙業
7939,2026-10-29,研創
7962,2026-10-29,キングジム
7976,2026-10-29,三菱鉛筆
7981,2026-10-29,タカラスタンダード
7984,2026-10-29,コクヨ
7989,2026-10-29,立川ブラインド工業
8015,2026-10-29,豊田通商
8174,2026-10-29,日本瓦斯
8609,2026-10-29,岡三証券グループ
8613,2026-10-29,丸三証券
8614,2026-10-29,東洋証券
8622,2026-10-29,水戸証券
8624,2026-10-29,いちよし証券
8699,2026-10-29,ＨＳホールディングス
8706,2026-10-29,極東証券
8708,2026-10-29,アイザワ証券グループ
8864,2026-10-29,空港施設
8898,2026-10-29,センチュリー２１・ジャパン
9046,2026-10-29,神戸電鉄
9081,2026-10-29,神奈川中央交通
9158,2026-10-29,シーユーシー
9202,2026-10-29,ＡＮＡホールディングス
9368,2026-10-29,キムラユニティー
9474,2026-10-29,ゼンリン
9502,2026-10-29,中部電力
9503,2026-10-29,関西電力
9505,2026-10-29,北陸電力
9531,2026-10-29,東京瓦斯
9532,2026-10-29,大阪瓦斯
9533,2026-10-29,東邦瓦斯
9534,2026-10-29,北海道瓦斯
9536,2026-10-29,西部ガスホールディングス
9551,2026-10-29,メタウォーター
9640,2026-10-29,セゾンテクノロジー
9701,2026-10-29,東京會舘
9708,2026-10-29,帝国ホテル
9709,2026-10-29,ＮＣＳ＆Ａ
9744,2026-10-29,メイテックグループホールディングス
9759,2026-10-29,ＮＳＤ
9795,2026-10-29,ステップ
9818,2026-10-29,大丸エナウィン
9889,2026-10-29,ＪＢＣＣホールディングス
9969,2026-10-29,ショクブン
1850,2026-10-30,南海辰村建設
1878,2026-10-30,大東建託
1939,2026-10-30,四電工
1941,2026-10-30,中電工
1942,2026-10-30,関電工
1944,2026-10-30,きんでん
1950,2026-10-30,日本電設工業
1964,2026-10-30,中外炉工業
1972,2026-10-30,三晃金属工業
1976,2026-10-30,明星工業
2053,2026-10-30,中部飼料
2109,2026-10-30,ＤＭ三井製糖
2127,2026-10-30,日本Ｍ＆Ａセンターホールディングス
2130,2026-10-30,メンバーズ
2152,2026-10-30,幼児活動研究会
2208,2026-10-30,ブルボン
2216,2026-10-30,カンロ
2281,2026-10-30,プリマハム
2326,2026-10-30,デジタルアーツ
2393,2026-10-30,日本ケアサプライ
2479,2026-10-30,ジェイテック
2481,2026-10-30,タウンニュース社
2492,2026-10-30,インフォマート
2579,2026-10-30,コカ・コーラ　ボトラーズジャパンホールディングス
2689,2026-10-30,オルバディーブイエックスヘルスケア
2768,2026-10-30,双日
2782,2026-10-30,セリア
2805,2026-10-30,ヱスビー食品
285A,2026-10-30,キオクシアホールディングス
2883,2026-10-30,大冷
2892,2026-10-30,日本食品化工
2908,2026-10-30,フジッコ
2926,2026-10-30,篠崎屋
3004,2026-10-30,神栄
303A,2026-10-30,ｖｉｓｕｍｏ
3104,2026-10-30,フジボウホールディングス
3137,2026-10-30,ファンデリー
3153,2026-10-30,八洲電機
3190,2026-10-30,ホットマン
3352,2026-10-30,バッファロー
3388,2026-10-30,明治電機工業
3439,2026-10-30,三ツ知
3482,2026-10-30,ロードスターキャピタル
3512,2026-10-30,日本フエルト
3542,2026-10-30,ベガコーポレーション
3553,2026-10-30,共和レザー
3622,2026-10-30,ネットイヤーグループ
3640,2026-10-30,電算
3648,2026-10-30,ＡＧＳ
3762,2026-10-30,テクマトリックス
3776,2026-10-30,ブロードバンドタワー
3835,2026-10-30,ｅＢＡＳＥ
3836,2026-10-30,アバントグループ
3946,2026-10-30,トーモク
4045,2026-10-30,東亞合成
4204,2026-10-30,積水化学工業
4216,2026-10-30,旭有機材
4220,2026-10-30,リケンテクノス
4228,2026-10-30,積水化成品工業
4229,2026-10-30,群栄化学工業
4248,2026-10-30,竹本容器
4318,2026-10-30,クイック
4362,2026-10-30,日本精化
4368,2026-10-30,扶桑化学工業
4410,2026-10-30,ハリマ化成グループ
4462,2026-10-30,石原ケミカル
4463,2026-10-30,日華化学
4506,2026-10-30,住友ファーマ
4531,2026-10-30,有機合成薬品工業
4539,2026-10-30,日本ケミファ
4565,2026-10-30,ネクセラファーマ
4568,2026-10-30,第一三共
4578,2026-10-30,大塚ホールディングス
4617,2026-10-30,中国塗料
4658,2026-10-30,日本空調サービス
4679,2026-10-30,田谷
4685,2026-10-30,菱友システムズ
4709,2026-10-30,ＩＤホールディングス
4761,2026-10-30,さくらケーシーエス
4762,2026-10-30,エックスネット
4771,2026-10-30,エフアンドエム
4816,2026-10-30,東映アニメーション
4839,2026-10-30,ＷＯＷＯＷ
5214,2026-10-30,日本電気硝子
5257,2026-10-30,ノバシステム
5280,2026-10-30,ヨシコン
5332,2026-10-30,ＴＯＴＯ
5333,2026-10-30,ＮＧＫ
5334,2026-10-30,日本特殊陶業
5388,2026-10-30,クニミネ工業
5410,2026-10-30,合同製鐵
5440,2026-10-30,共英製鋼
5445,2026-10-30,東京鐵鋼
5458,2026-10-30,高砂鐵工
5464,2026-10-30,モリ工業
5480,2026-10-30,日本冶金工業
5491,2026-10-30,日本金属
5603,2026-10-30,虹技
5612,2026-10-30,日本鋳鉄管
5802,2026-10-30,住友電気工業
5929,2026-10-30,三和ホールディングス
5936,2026-10-30,東洋シヤッター
5938,2026-10-30,ＬＩＸＩＬ
5959,2026-10-30,岡部
6042,2026-10-30,ニッキ
6080,2026-10-30,Ｍ＆Ａキャピタルパートナーズ
6099,2026-10-30,エラン
6135,2026-10-30,牧野フライス製作所
6141,2026-10-30,ＤＭＧ森精機
6157,2026-10-30,日進工具
6185,2026-10-30,ＳＭＮ
6196,2026-10-30,ストライクグループ
6222,2026-10-30,島精機製作所
6262,2026-10-30,ＰＥＧＡＳＵＳ
6268,2026-10-30,ナブテスコ
6292,2026-10-30,カワタ
6302,2026-10-30,住友重機械工業
6325,2026-10-30,タカキタ
6331,2026-10-30,三菱化工機
6356,2026-10-30,日本ギア工業
6371,2026-10-30,椿本チエイン
6455,2026-10-30,モリタホールディングス
6472,2026-10-30,ＮＴＮ
6488,2026-10-30,ヨシタケ
6493,2026-10-30,ＮＩＴＴＡＮ
6503,2026-10-30,三菱電機
6508,2026-10-30,明電舎
6518,2026-10-30,三相電機
6557,2026-10-30,ＡＩＡＩグループ
6586,2026-10-30,マキタ
6617,2026-10-30,東光高岳
6632,2026-10-30,ＪＶＣケンウッド
6653,2026-10-30,正興電機製作所
6737,2026-10-30,ＥＩＺＯ
6762,2026-10-30,ＴＤＫ
6770,2026-10-30,アルプスアルパイン
6797,2026-10-30,名古屋電機工業
6798,2026-10-30,ＳＭＫ
6832,2026-10-30,アオイ電子
6870,2026-10-30,日本フェンオール
6888,2026-10-30,アクモス
6932,2026-10-30,遠藤照明
6946,2026-10-30,日本アビオニクス
6961,2026-10-30,エンプラス
6981,2026-10-30,村田製作所
7046,2026-10-30,ＴＤＳＥ
7172,2026-10-30,ジャパンインベストメントアドバイザー
7173,2026-10-30,東京きらぼしフィナンシャルグループ
7218,2026-10-30,田中精密工業
7224,2026-10-30,新明和工業
7297,2026-10-30,カーメイト
7381,2026-10-30,ＣＣＩグループ
7442,2026-10-30,中山福
7475,2026-10-30,アルビス
7476,2026-10-30,アズワン
7483,2026-10-30,ドウシシャ
7508,2026-10-30,Ｇ‐７ホールディングス
7510,2026-10-30,たけびし
7537,2026-10-30,丸文
7570,2026-10-30,橋本総業ホールディングス
7575,2026-10-30,日本ライフライン
7625,2026-10-30,グローバルダイニング
7735,2026-10-30,ＳＣＲＥＥＮホールディングス
7741,2026-10-30,ＨＯＹＡ
7774,2026-10-30,ジャパン・ティッシュエンジニアリング
7775,2026-10-30,大研医器
7795,2026-10-30,ＫＹＯＲＩＴＳＵ
7844,2026-10-30,マーベラス
7893,2026-10-30,プロネクサス
7896,2026-10-30,セブン工業
7897,2026-10-30,ホクシン
7908,2026-10-30,きもと
7947,2026-10-30,エフピコ
7988,2026-10-30,ニフコ
8005,2026-10-30,スクロール
8014,2026-10-30,蝶理
8035,2026-10-30,東京エレクトロン
8052,2026-10-30,椿本興業
8076,2026-10-30,カノークス
8084,2026-10-30,ＲＹＯＤＥＮ
8103,2026-10-30,明和産業
8119,2026-10-30,三栄コーポレーション
8133,2026-10-30,伊藤忠エネクス
8137,2026-10-30,サンワテクノス
8157,2026-10-30,都築電気
8165,2026-10-30,千趣会
8285,2026-10-30,三谷産業
8585,2026-10-30,オリエントコーポレーション
8601,2026-10-30,大和証券グループ本社
8616,2026-10-30,東海東京フィナンシャル・ホールディングス
8700,2026-10-30,丸八証券
8739,2026-10-30,スパークス・グループ
8793,2026-10-30,ＮＥＣキャピタルソリューション
8803,2026-10-30,平和不動産
8818,2026-10-30,京阪神ビルディング
8860,2026-10-30,フジ住宅
8877,2026-10-30,エスリード
9020,2026-10-30,東日本旅客鉄道
9023,2026-10-30,東京地下鉄
9037,2026-10-30,ハマキョウレックス
9042,2026-10-30,阪急阪神ホールディングス
9065,2026-10-30,山九
9110,2026-10-30,ＮＳユナイテッド海運
9219,2026-10-30,ギックス
9267,2026-10-30,Ｇｅｎｋｙ　ＤｒｕｇＳｔｏｒｅｓ
9301,2026-10-30,三菱倉庫
9311,2026-10-30,アサガミ
9325,2026-10-30,ファイズホールディングス
9362,2026-10-30,兵機海運
9504,2026-10-30,中国電力
9506,2026-10-30,東北電力
9507,2026-10-30,四国電力
9509,2026-10-30,北海道電力
9511,2026-10-30,沖縄電力
9513,2026-10-30,電源開発
9539,2026-10-30,京葉瓦斯
9679,2026-10-30,ホウライ
9687,2026-10-30,ＫＳＫ
9715,2026-10-30,トランス・コスモス
9742,2026-10-30,アイネス
9828,2026-10-30,Ｇｅｎｋｉ　Ｇｌｏｂａｌ　Ｄｉｎｉｎｇ　Ｃｏｎｃｅｐｔｓ
9830,2026-10-30,トラスコ中山
9832,2026-10-30,オートバックスセブン
9882,2026-10-30,イエローハット
9928,2026-10-30,ミロク情報サービス
9934,2026-10-30,因幡電機産業
9936,2026-10-30,王将フードサービス
9950,2026-10-30,ハチバン
9962,2026-10-30,ミスミグループ本社
9997,2026-10-30,ベルーナ
2003,2026-11-02,日東富士製粉
2220,2026-11-02,亀田製菓
2282,2026-11-02,日本ハム
2327,2026-11-02,日鉄ソリューションズ
2489,2026-11-02,アドウェイズ
2816,2026-11-02,ダイショー
3132,2026-11-02,マクニカホールディングス
3191,2026-11-02,ジョイフル本田
3371,2026-11-02,ソフトクリエイトホールディングス
3580,2026-11-02,小松マテーレ
4005,2026-11-02,住友化学
4151,2026-11-02,協和キリン
4718,2026-11-02,早稲田アカデミー
4736,2026-11-02,日本ラッド
4746,2026-11-02,東計電算
5187,2026-11-02,クリエートメディック
5367,2026-11-02,ニッカトー
5444,2026-11-02,大和工業
5703,2026-11-02,日本軽金属ホールディングス
5905,2026-11-02,日本製罐
5955,2026-11-02,ワイズホールディングス
6200,2026-11-02,インソース
6467,2026-11-02,ニチダイ
7162,2026-11-02,アストマックス
7177,2026-11-02,ＧＭＯフィナンシャルホールディングス
7236,2026-11-02,ティラド
7366,2026-11-02,ＬＩＴＡＬＩＣＯ
7480,2026-11-02,スズデン
7723,2026-11-02,愛知時計電機
7859,2026-11-02,アルメディオ
7971,2026-11-02,東リ
8303,2026-11-02,ＳＢＩ新生銀行
8473,2026-11-02,ＳＢＩホールディングス
9044,2026-11-02,ＮＡＮＫＡＩ
9201,2026-11-02,日本航空
9351,2026-11-02,東洋埠頭
9682,2026-11-02,ＤＴＳ
9686,2026-11-02,東洋テック
9768,2026-11-02,いであ
9955,2026-11-02,ヨンキュウ
1723,2026-11-04,日本電技
1787,2026-11-04,ナカボーテック
1799,2026-11-04,第一建設工業
1967,2026-11-04,ヤマト
2136,2026-11-04,ヒップ
2222,2026-11-04,寿スピリッツ
2335,2026-11-04,キューブシステム
2371,2026-11-04,カカクコム
2413,2026-11-04,エムスリー
2440,2026-11-04,ぐるなび
2875,2026-11-04,東洋水産
299A,2026-11-04,クラシル
3064,2026-11-04,ＭｏｎｏｔａＲＯ
3202,2026-11-04,ダイトウボウ
3626,2026-11-04,ＴＩＳＩ
3636,2026-11-04,三菱総合研究所
3668,2026-11-04,コロプラ
3844,2026-11-04,コムチュア
4091,2026-11-04,日本酸素ホールディングス
4107,2026-11-04,伊勢化学工業
4203,2026-11-04,住友ベークライト
4326,2026-11-04,インテージホールディングス
4547,2026-11-04,キッセイ薬品工業
4559,2026-11-04,ゼリア新薬工業
4624,2026-11-04,イサム塗料
4772,2026-11-04,ＳＭ　ＥＮＴＥＲＴＡＩＮＭＥＮＴ　ＪＡＰＡＮ
4812,2026-11-04,電通総研
4847,2026-11-04,インテリジェント　ウェイブ
5449,2026-11-04,大阪製鐵
5451,2026-11-04,ヨドコウ
5632,2026-11-04,三菱製鋼
5697,2026-11-04,サンユウ
5821,2026-11-04,平河ヒューテック
5857,2026-11-04,ＡＲＥホールディングス
5951,2026-11-04,ダイニチ工業
6103,2026-11-04,オークマ
6240,2026-11-04,ヤマシンフィルタ
6368,2026-11-04,オルガノ
6643,2026-11-04,戸上電機製作所
6806,2026-11-04,ヒロセ電機
6809,2026-11-04,ＴＯＡ
6817,2026-11-04,スミダコーポレーション
6841,2026-11-04,横河電機
6958,2026-11-04,日本シイエムケイ
7013,2026-11-04,ＩＨＩ
7296,2026-11-04,エフ・シー・シー
7466,2026-11-04,ＳＰＫ
7565,2026-11-04,萬世電機
7600,2026-11-04,日本エム・ディ・エム
7609,2026-11-04,ダイトロン
7729,2026-11-04,東京精密
7883,2026-11-04,サンメッセ
7972,2026-11-04,イトーキ
7995,2026-11-04,バルカー
8001,2026-11-04,伊藤忠商事
8002,2026-11-04,丸紅
8031,2026-11-04,三井物産
8058,2026-11-04,三菱商事
8081,2026-11-04,カナデン
8242,2026-11-04,エイチ・ツー・オー　リテイリング
8255,2026-11-04,アクシアル　リテイリング
8566,2026-11-04,リコーリース
9010,2026-11-04,富士急行
9059,2026-11-04,カンダホールディングス
9064,2026-11-04,ヤマトホールディングス
9107,2026-11-04,川崎汽船
9127,2026-11-04,玉井商船
9142,2026-11-04,九州旅客鉄道
9412,2026-11-04,スカパーＪＳＡＴ
9432,2026-11-04,ＮＴＴ
9845,2026-11-04,パーカーコーポレーション
9849,2026-11-04,共同紙販ホールディングス
9878,2026-11-04,セキド
9990,2026-11-04,サックスバー　ホールディングス
1814,2026-11-05,大末建設
1897,2026-11-05,金下建設
1898,2026-11-05,世紀東急工業
1911,2026-11-05,住友林業
1945,2026-11-05,東京エネシス
2148,2026-11-05,アイティメディア
2307,2026-11-05,クロスキャット
2425,2026-11-05,ケアサービス
2573,2026-11-05,北海道コカ・コーラボトリング
2612,2026-11-05,かどや製油
2676,2026-11-05,高千穂交易
2705,2026-11-05,大戸屋ホールディングス
2730,2026-11-05,エディオン
3002,2026-11-05,グンゼ
3028,2026-11-05,アルペン
3034,2026-11-05,クオールホールディングス
3059,2026-11-05,ヒラキ
3110,2026-11-05,日東紡績
3166,2026-11-05,ＯＣＨＩホールディングス
3167,2026-11-05,ＴＯＫＡＩホールディングス
3232,2026-11-05,三重交通グループホールディングス
3252,2026-11-05,地主
3326,2026-11-05,ランシステム
3401,2026-11-05,帝人
3420,2026-11-05,ケー・エフ・シー
3433,2026-11-05,トーカロ
3566,2026-11-05,ユニフォームネクスト
3676,2026-11-05,デジタルハーツホールディングス
3690,2026-11-05,イルグルム
3698,2026-11-05,ＣＲＩ・ミドルウェア
3712,2026-11-05,情報企画
3837,2026-11-05,アドソル日進
3908,2026-11-05,コラボス
3941,2026-11-05,レンゴー
4012,2026-11-05,アクシス
4042,2026-11-05,東ソー
4120,2026-11-05,スガイ化学工業
4188,2026-11-05,三菱ケミカルグループ
4189,2026-11-05,ＫＨネオケム
4202,2026-11-05,ダイセル
4208,2026-11-05,ＵＢＥ
4310,2026-11-05,ドリームインキュベータ
4403,2026-11-05,日油
4452,2026-11-05,花王
4475,2026-11-05,ＨＥＮＮＧＥ
4483,2026-11-05,ＪＭＤＣ
4491,2026-11-05,コンピューターマネージメント
4536,2026-11-05,参天製薬
4558,2026-11-05,中京医薬品
4615,2026-11-05,神東塗料
4642,2026-11-05,オリジナル設計
4674,2026-11-05,クレスコ
4678,2026-11-05,秀英予備校
4689,2026-11-05,ＬＩＮＥヤフー
4792,2026-11-05,山田コンサルティンググループ
4902,2026-11-05,コニカミノルタ
4923,2026-11-05,コタ
4926,2026-11-05,シーボン
4968,2026-11-05,荒川化学工業
4972,2026-11-05,綜研化学
4975,2026-11-05,ＪＣＵ
5185,2026-11-05,フコク
5199,2026-11-05,不二ラテックス
5201,2026-11-05,ＡＧＣ
5208,2026-11-05,有沢製作所
5261,2026-11-05,リソルホールディングス
5301,2026-11-05,東海カーボン
5331,2026-11-05,ノリタケ
5355,2026-11-05,日本坩堝
5384,2026-11-05,フジミインコーポレーテッド
5391,2026-11-05,エーアンドエーマテリアル
5401,2026-11-05,日本製鉄
5408,2026-11-05,中山製鋼所
5816,2026-11-05,オーナンバ
5851,2026-11-05,リョービ
5930,2026-11-05,文化シヤッター
5940,2026-11-05,不二サッシ
5947,2026-11-05,リンナイ
6050,2026-11-05,イー・ガーディアン
6073,2026-11-05,アサンテ
6134,2026-11-05,ＦＵＪＩ
6322,2026-11-05,タクミナ
6328,2026-11-05,荏原実業
6339,2026-11-05,新東工業
6367,2026-11-05,ダイキン工業
6370,2026-11-05,栗田工業
6413,2026-11-05,理想科学工業
6590,2026-11-05,芝浦メカトロニクス
6622,2026-11-05,ダイヘン
6644,2026-11-05,大崎電気工業
6724,2026-11-05,セイコーエプソン
6745,2026-11-05,ホーチキ
6867,2026-11-05,リーダー電子
6941,2026-11-05,山一電機
6963,2026-11-05,ローム
6976,2026-11-05,太陽誘電
6994,2026-11-05,指月電機製作所
7004,2026-11-05,カナデビア
7018,2026-11-05,内海造船
7089,2026-11-05,フォースタートアップス
7130,2026-11-05,ヤマエグループホールディングス
7164,2026-11-05,全国保証
7203,2026-11-05,トヨタ自動車
7212,2026-11-05,エフテック
7412,2026-11-05,アトム
7421,2026-11-05,カッパ・クリエイト
7459,2026-11-05,メディパルホールディングス
7461,2026-11-05,キムラ
7506,2026-11-05,ハウス　オブ　ローゼ
7538,2026-11-05,大水
7711,2026-11-05,助川電気工業
7731,2026-11-05,ニコン
7740,2026-11-05,タムロン
7841,2026-11-05,遠藤製作所
7857,2026-11-05,セキ
7917,2026-11-05,ＺＡＣＲＯＳ
7951,2026-11-05,ヤマハ
7974,2026-11-05,任天堂
7979,2026-11-05,松風
7980,2026-11-05,重松製作所
7991,2026-11-05,マミヤ・オーピー
8020,2026-11-05,兼松
8056,2026-11-05,ＢＩＰＲＯＧＹ
8065,2026-11-05,佐藤商事
8098,2026-11-05,稲畑産業
8111,2026-11-05,ゴールドウイン
8150,2026-11-05,三信電気
8158,2026-11-05,ソーダニッカ
8282,2026-11-05,ケーズホールディングス
8584,2026-11-05,ジャックス
9001,2026-11-05,東武鉄道
9003,2026-11-05,相鉄ホールディングス
9021,2026-11-05,西日本旅客鉄道
9057,2026-11-05,遠州トラック
9101,2026-11-05,日本郵船
9119,2026-11-05,飯野海運
9303,2026-11-05,住友倉庫
9312,2026-11-05,ケイヒン
9324,2026-11-05,安田倉庫
9404,2026-11-05,日本テレビホールディングス
9424,2026-11-05,日本通信
9514,2026-11-05,エフオン
9537,2026-11-05,北陸瓦斯
9619,2026-11-05,イチネンホールディングス
9639,2026-11-05,三協フロンテア
9722,2026-11-05,藤田観光
9853,2026-11-05,銀座ルノアール
9902,2026-11-05,日伝
9913,2026-11-05,日邦産業
9991,2026-11-05,ジェコス
1301,2026-11-06,極洋
1332,2026-11-06,ニッスイ
1375,2026-11-06,ユキグニファクトリー
1382,2026-11-06,ホーブ
1429,2026-11-06,日本アクア
1450,2026-11-06,ＴＡＮＡＫＥＮ
1515,2026-11-06,日鉄鉱業
1717,2026-11-06,明豊ファシリティワークス
1721,2026-11-06,コムシスホールディングス
1826,2026-11-06,佐田建設
1899,2026-11-06,福田組
1905,2026-11-06,テノックス
1951,2026-11-06,エクシオグループ
1966,2026-11-06,高田工業所
2001,2026-11-06,ニップン
2139,2026-11-06,中広
2206,2026-11-06,江崎グリコ
2209,2026-11-06,井村屋グループ
2229,2026-11-06,カルビー
2349,2026-11-06,エヌアイデイ
2376,2026-11-06,サイネックス
2475,2026-11-06,ＷＤＢホールディングス
2480,2026-11-06,システム・ロケーション
2613,2026-11-06,Ｊ－オイルミルズ
2666,2026-11-06,オートウェーブ
2681,2026-11-06,セカンドリテイリング
2700,2026-11-06,木徳神糧
2790,2026-11-06,ナフコ
2814,2026-11-06,佐藤食品工業
2819,2026-11-06,エバラ食品工業
2903,2026-11-06,シノブフーズ
2911,2026-11-06,旭松食品
3024,2026-11-06,クリエイト
3036,2026-11-06,アルコニックス
3221,2026-11-06,ヨシックスホールディングス
3286,2026-11-06,トラストホールディングス
3288,2026-11-06,オープンハウスグループ
3289,2026-11-06,東急不動産ホールディングス
3302,2026-11-06,帝国繊維
3315,2026-11-06,日本コークス工業
3386,2026-11-06,コスモ・バイオ
3393,2026-11-06,スターティアホールディングス
3563,2026-11-06,ＦＯＯＤ　＆　ＬＩＦＥ　ＣＯＭＰＡＮＩＥＳ
3623,2026-11-06,ビリングシステム
3634,2026-11-06,ソケッツ
3687,2026-11-06,フィックスターズ
3766,2026-11-06,システムズ・デザイン
3774,2026-11-06,インターネットイニシアティブ
3798,2026-11-06,ＵＬＳグループ
3834,2026-11-06,朝日ネット
3841,2026-11-06,ジーダット
3842,2026-11-06,ネクストジェン
3861,2026-11-06,王子ホールディングス
3863,2026-11-06,日本製紙
3910,2026-11-06,エムケイシステム
3926,2026-11-06,オープンドア
3945,2026-11-06,スーパーバッグ
3998,2026-11-06,すららネット
4028,2026-11-06,石原産業
4169,2026-11-06,ＥＮＥＣＨＡＮＧＥ
416A,2026-11-06,富士ユナイトホールディングス
4224,2026-11-06,ロンシール工業
4263,2026-11-06,サスメド
4320,2026-11-06,ＣＥホールディングス
4341,2026-11-06,西菱電機
4512,2026-11-06,わかもと製薬
4572,2026-11-06,カルナバイオサイエンス
4588,2026-11-06,オンコリスバイオファーマ
4611,2026-11-06,大日本塗料
4613,2026-11-06,関西ペイント
4623,2026-11-06,アサヒペン
4626,2026-11-06,太陽ホールディングス
4633,2026-11-06,サカタインクス
4635,2026-11-06,東京インキ
4665,2026-11-06,ダスキン
4671,2026-11-06,ファルコホールディングス
4676,2026-11-06,フジ・メディア・ホールディングス
4719,2026-11-06,アルファシステムズ
4769,2026-11-06,ＩＣ
4783,2026-11-06,ＮＣＤ
4809,2026-11-06,パラカ
4912,2026-11-06,ライオン
4970,2026-11-06,東洋合成工業
5015,2026-11-06,ビーピー・カストロール
5186,2026-11-06,ニッタ
5268,2026-11-06,旭コンクリート工業
5282,2026-11-06,ジオスター
5283,2026-11-06,高見澤
5284,2026-11-06,ヤマウホールディングス
5287,2026-11-06,イトーヨーギョー
5380,2026-11-06,新東
5411,2026-11-06,ＪＦＥホールディングス
5446,2026-11-06,北越メタル
5461,2026-11-06,中部鋼鈑
5563,2026-11-06,新日本電工
5602,2026-11-06,栗本鐵工所
5729,2026-11-06,日本精鉱
5742,2026-11-06,エヌアイシ・オートテック
5820,2026-11-06,三ッ星
5830,2026-11-06,いよぎんホールディングス
5901,2026-11-06,東洋製罐グループホールディングス
5902,2026-11-06,ホッカン
5928,2026-11-06,アルメタックス
5956,2026-11-06,トーソー
5958,2026-11-06,三洋工業
603A,2026-11-06,アイ・グリッド・ソリューションズ
6088,2026-11-06,シグマクシス・ホールディングス
6138,2026-11-06,ダイジェット工業
6140,2026-11-06,旭ダイヤモンド工業
6143,2026-11-06,ソディック
6248,2026-11-06,横田製作所
6257,2026-11-06,藤商事
6277,2026-11-06,ホソカワミクロン
6282,2026-11-06,オイレス工業
6307,2026-11-06,サンセイ
6315,2026-11-06,ＴＯＷＡ
6327,2026-11-06,北川精機
6332,2026-11-06,月島ホールディングス
6378,2026-11-06,木村化工機
6445,2026-11-06,ジャノメ
6460,2026-11-06,セガサミーホールディングス
6479,2026-11-06,ミネベアミツミ
6492,2026-11-06,岡野バルブ製造
6507,2026-11-06,シンフォニアテクノロジー
6647,2026-11-06,森尾電機
6652,2026-11-06,ＩＤＥＣ
6658,2026-11-06,シライ電子工業
6674,2026-11-06,ジーエス・ユアサ　コーポレーション
6678,2026-11-06,テクノメディカ
6730,2026-11-06,アクセル
6743,2026-11-06,大同信号
6775,2026-11-06,ＴＢグループ
6777,2026-11-06,ｓａｎｔｅｃ　Ｈｏｌｄｉｎｇｓ
6787,2026-11-06,メイコー
6836,2026-11-06,ぷらっとホーム
6875,2026-11-06,メガチップス
6882,2026-11-06,三社電機製作所
6907,2026-11-06,ジオマテック
6919,2026-11-06,ケル
6925,2026-11-06,ウシオ電機
6927,2026-11-06,ヘリオス　テクノ　ホールディング
6929,2026-11-06,日本セラミック
6964,2026-11-06,サンコー
6996,2026-11-06,ニチコン
7011,2026-11-06,三菱重工業
7134,2026-11-06,アップガレージグループ
7184,2026-11-06,富山第一銀行
7192,2026-11-06,日本モーゲージサービス
7211,2026-11-06,三菱自動車工業
7228,2026-11-06,デイトナ
7231,2026-11-06,トピー工業
7399,2026-11-06,ナンシン
7509,2026-11-06,アイエーグループ
7595,2026-11-06,アルゴグラフィックス
7606,2026-11-06,ＴＡＢＡＹＡホールディングス
7613,2026-11-06,シークス
7621,2026-11-06,うかい
7701,2026-11-06,島津製作所
7702,2026-11-06,ＪＭＳ
7721,2026-11-06,東京計器
7745,2026-11-06,Ａ＆Ｄホロンホールディングス
7752,2026-11-06,リコー
7760,2026-11-06,ＩＭＶ
7792,2026-11-06,コラントッテ
7826,2026-11-06,フルヤ金属
7840,2026-11-06,フランスベッドホールディングス
7885,2026-11-06,タカノ
7937,2026-11-06,ツツミ
7955,2026-11-06,クリナップ
7963,2026-11-06,興研
7987,2026-11-06,ナカバヤシ
7994,2026-11-06,オカムラ
8012,2026-11-06,長瀬産業
8018,2026-11-06,三共生興
8045,2026-11-06,横浜丸魚
8059,2026-11-06,第一実業
8075,2026-11-06,神鋼商事
8078,2026-11-06,阪和興業
8091,2026-11-06,ニチモウ
8113,2026-11-06,ユニ・チャーム
8136,2026-11-06,サンリオ
8139,2026-11-06,ナガホリ
8173,2026-11-06,Ｊｏｓｈｉｎ
8214,2026-11-06,ＡＯＫＩホールディングス
8230,2026-11-06,はせがわ
8336,2026-11-06,武蔵野銀行
8346,2026-11-06,東邦銀行
8359,2026-11-06,八十二長野銀行
8365,2026-11-06,富山銀行
8393,2026-11-06,宮崎銀行
8395,2026-11-06,佐賀銀行
8410,2026-11-06,セブン銀行
8424,2026-11-06,芙蓉総合リース
8425,2026-11-06,みずほリース
8550,2026-11-06,栃木銀行
8572,2026-11-06,アコム
8596,2026-11-06,九州リースサービス
8742,2026-11-06,小林洋行
8747,2026-11-06,豊トラスティ証券
8772,2026-11-06,アサックス
8789,2026-11-06,フィンテック　グローバル
8801,2026-11-06,三井不動産
8935,2026-11-06,ＦＪネクストホールディングス
9009,2026-11-06,京成電鉄
9031,2026-11-06,西日本鉄道
9034,2026-11-06,南総通運
9072,2026-11-06,ニッコンホールディングス
9087,2026-11-06,タカセ
9130,2026-11-06,共栄タンカー
9143,2026-11-06,ＳＧホールディングス
9171,2026-11-06,栗林商船
9273,2026-11-06,コーア商事ホールディングス
9302,2026-11-06,三井倉庫ホールディングス
9305,2026-11-06,ヤマタネ
9339,2026-11-06,コーチ・エィ
9355,2026-11-06,リンコーコーポレーション
9376,2026-11-06,ユーラシア旅行社
9401,2026-11-06,ＴＢＳホールディングス
9421,2026-11-06,エヌジェイホールディングス
9433,2026-11-06,ＫＤＤＩ
9441,2026-11-06,ベルパーク
9475,2026-11-06,昭文社ホールディングス
9535,2026-11-06,広島ガス
9706,2026-11-06,日本空港ビルデング
9757,2026-11-06,船井総研ホールディングス
9763,2026-11-06,丸建リース
9788,2026-11-06,ナック
9816,2026-11-06,ストライダーズ
9831,2026-11-06,ヤマダホールディングス
9857,2026-11-06,英和
9867,2026-11-06,ソレキア
1417,2026-11-09,ミライト・ワン
1720,2026-11-09,東急建設
1736,2026-11-09,オーテック
1768,2026-11-09,ソネック
1786,2026-11-09,オリエンタル白石
1798,2026-11-09,守谷商会
1803,2026-11-09,清水建設
1813,2026-11-09,不動テトラ
1828,2026-11-09,田辺工業
1867,2026-11-09,植木組
1882,2026-11-09,東亜道路工業
1888,2026-11-09,若築建設
1893,2026-11-09,五洋建設
1929,2026-11-09,日特建設
1938,2026-11-09,日本リーテック
1965,2026-11-09,テクノ菱和
1992,2026-11-09,神田通信機
2004,2026-11-09,昭和産業
208A,2026-11-09,構造計画研究所ホールディングス
2264,2026-11-09,森永乳業
2288,2026-11-09,丸大食品
2461,2026-11-09,ファンコミュニケーションズ
2533,2026-11-09,オエノンホールディングス
2602,2026-11-09,日清オイリオグループ
2784,2026-11-09,アルフレッサ　ホールディングス
2801,2026-11-09,キッコーマン
2802,2026-11-09,味の素
2915,2026-11-09,ケンコーマヨネーズ
2924,2026-11-09,イフジ産業
3101,2026-11-09,東洋紡
3143,2026-11-09,オーウイル
3151,2026-11-09,バイタルケーエスケー・ホールディングス
3154,2026-11-09,メディアスホールディングス
3157,2026-11-09,ジオリーブグループ
3176,2026-11-09,三洋貿易
3179,2026-11-09,シュッピン
3183,2026-11-09,ウイン・パートナーズ
3276,2026-11-09,ＪＰＭＣ
3317,2026-11-09,フライングガーデン
3423,2026-11-09,エスイー
3577,2026-11-09,東海染工
3660,2026-11-09,アイスタイル
3895,2026-11-09,ハビックス
3948,2026-11-09,光ビジネスフォーム
4021,2026-11-09,日産化学
4025,2026-11-09,多木化学
4056,2026-11-09,ニューラルグループ
4064,2026-11-09,日本カーバイド工業
4078,2026-11-09,堺化学工業
4094,2026-11-09,日本化学産業
4114,2026-11-09,日本触媒
417A,2026-11-09,ブルーゾーンホールディングス
4286,2026-11-09,ＣＬホールディングス
4404,2026-11-09,ミヨシ油脂
4409,2026-11-09,東邦化学工業
4521,2026-11-09,科研製薬
4534,2026-11-09,持田製薬
4540,2026-11-09,ツムラ
4569,2026-11-09,杏林製薬
4687,2026-11-09,ＴＤＣソフト
4801,2026-11-09,セントラルスポーツ
4901,2026-11-09,富士フイルムホールディングス
4927,2026-11-09,ポーラ・オルビスホールディングス
4985,2026-11-09,アース製薬
4994,2026-11-09,大成ラミックグループ
5016,2026-11-09,ＪＸ金属
5310,2026-11-09,東洋炭素
5463,2026-11-09,丸一鋼管
5535,2026-11-09,ミガロホールディングス
5941,2026-11-09,中西製作所
5945,2026-11-09,天龍製鋸
5984,2026-11-09,兼房
6018,2026-11-09,阪神内燃機工業
6031,2026-11-09,ＺＥＴＡ
607A,2026-11-09,エブリー
6089,2026-11-09,ウィルグループ
6137,2026-11-09,小池酸素工業
6155,2026-11-09,高松機械工業
6156,2026-11-09,エーワン精密
6223,2026-11-09,西部技研
6333,2026-11-09,ＴＥＩＫＯＫＵ
6340,2026-11-09,澁谷工業
6392,2026-11-09,ヤマダコーポレーション
6402,2026-11-09,兼松エンジニアリング
6448,2026-11-09,ブラザー工業
6498,2026-11-09,キッツ
6525,2026-11-09,ＫＯＫＵＳＡＩ　ＥＬＥＣＴＲＩＣ
6546,2026-11-09,フルテック
6651,2026-11-09,日東工業
6677,2026-11-09,エスケーエレクトロニクス
6768,2026-11-09,タムラ製作所
6772,2026-11-09,東京コスモス電機
6779,2026-11-09,日本電波工業
6844,2026-11-09,新電元工業
6947,2026-11-09,図研
7014,2026-11-09,名村造船所
7040,2026-11-09,サン・ライフホールディング
7111,2026-11-09,ＩＮＥＳＴ
7247,2026-11-09,ミクニ
7380,2026-11-09,十六フィナンシャルグループ
7417,2026-11-09,南陽
7443,2026-11-09,横浜魚類
7458,2026-11-09,第一興商
7460,2026-11-09,ヤギ
7481,2026-11-09,尾家産業
7486,2026-11-09,サンリン
7564,2026-11-09,ワークマン
7615,2026-11-09,京都きもの友禅ホールディングス
7634,2026-11-09,星医療酸器
7636,2026-11-09,ハンズマン
7722,2026-11-09,国際計測器
7743,2026-11-09,シード
7822,2026-11-09,永大産業
7846,2026-11-09,パイロットコーポレーション
7914,2026-11-09,共同印刷
7966,2026-11-09,リンテック
7990,2026-11-09,グローブライド
8006,2026-11-09,ユアサ・フナショク
8032,2026-11-09,日本紙パルプ商事
8104,2026-11-09,クワザワホールディングス
8144,2026-11-09,デンキョーグループホールディングス
8159,2026-11-09,立花エレテック
8163,2026-11-09,ＳＲＳホールディングス
8226,2026-11-09,理経
8331,2026-11-09,千葉銀行
8334,2026-11-09,群馬銀行
8370,2026-11-09,紀陽銀行
8377,2026-11-09,ほくほくフィナンシャルグループ
8392,2026-11-09,大分銀行
8439,2026-11-09,東京センチュリー
8541,2026-11-09,愛媛銀行
8542,2026-11-09,トマト銀行
8591,2026-11-09,オリックス
8698,2026-11-09,マネックスグループ
8715,2026-11-09,アニコム　ホールディングス
8802,2026-11-09,三菱地所
8844,2026-11-09,コスモスイニシア
8850,2026-11-09,スターツコーポレーション
8897,2026-11-09,ＭＩＲＡＲＴＨホールディングス
8919,2026-11-09,カチタス
8934,2026-11-09,サンフロンティア不動産
9045,2026-11-09,京阪ホールディングス
9068,2026-11-09,丸全昭和運輸
9083,2026-11-09,神姫バス
9090,2026-11-09,ＡＺ－ＣＯＭ丸和ホールディングス
9104,2026-11-09,商船三井
9204,2026-11-09,スカイマーク
9304,2026-11-09,澁澤倉庫
9319,2026-11-09,中央倉庫
9405,2026-11-09,朝日放送グループホールディングス
9739,2026-11-09,ＮＳＷ
9896,2026-11-09,ＪＫホールディングス
9959,2026-11-09,アシードホールディングス
1414,2026-11-10,ショーボンドホールディングス
166A,2026-11-10,タスキホールディングス
1780,2026-11-10,ヤマウラ
1793,2026-11-10,大本組
1807,2026-11-10,佐藤渡辺
1820,2026-11-10,西松建設
1848,2026-11-10,富士ピー・エス
1866,2026-11-10,北野建設
1870,2026-11-10,矢作建設工業
1885,2026-11-10,東亜建設工業
1960,2026-11-10,サンテック
1979,2026-11-10,大氣社
1994,2026-11-10,高橋カーテンウォール工業
2009,2026-11-10,鳥越製粉
2055,2026-11-10,日和産業
2117,2026-11-10,ウェルネオシュガー
2122,2026-11-10,インタースペース
2156,2026-11-10,セーラー広告
2221,2026-11-10,岩塚製菓
2224,2026-11-10,コモ
2270,2026-11-10,雪印メグミルク
2293,2026-11-10,滝沢ハム
2304,2026-11-10,ＣＳＳホールディングス
2325,2026-11-10,ＮＪＳ
2331,2026-11-10,ＡＬＳＯＫ
2378,2026-11-10,ルネサンス
2395,2026-11-10,新日本科学
2418,2026-11-10,ツカダ・グローバルホールディング
2432,2026-11-10,ディー・エヌ・エー
2445,2026-11-10,タカミヤ
2483,2026-11-10,翻訳センター
2488,2026-11-10,ＪＴＰ
2588,2026-11-10,プレミアムウォーターホールディングス
2607,2026-11-10,不二製油
262A,2026-11-10,インターメスティック
2674,2026-11-10,ハードオフコーポレーション
2733,2026-11-10,あらた
2904,2026-11-10,一正蒲鉾
2937,2026-11-10,サンクゼール
3103,2026-11-10,ユニチカ
3105,2026-11-10,日清紡ホールディングス
3123,2026-11-10,サイボー
3131,2026-11-10,シンデン・ハイテックス
3261,2026-11-10,グランディーズ
3291,2026-11-10,飯田グループホールディングス
331A,2026-11-10,メディックス
3360,2026-11-10,シップヘルスケアホールディングス
3402,2026-11-10,東レ
3422,2026-11-10,Ｊ－ＭＡＸ
3435,2026-11-10,サンコーテクノ
3443,2026-11-10,川田テクノロジーズ
3583,2026-11-10,オーベクス
3628,2026-11-10,データホライゾン
3641,2026-11-10,パピレス
3659,2026-11-10,ネクソン
3671,2026-11-10,ソフトマックス
3802,2026-11-10,エコミック
3878,2026-11-10,巴川コーポレーション
3917,2026-11-10,アイリッジ
3929,2026-11-10,ソーシャルワイヤー
3934,2026-11-10,ベネフィットジャパン
3951,2026-11-10,朝日印刷
3954,2026-11-10,昭和パックス
3964,2026-11-10,オークネット
4023,2026-11-10,クレハ
4047,2026-11-10,関東電化工業
4072,2026-11-10,電算システムホールディングス
4095,2026-11-10,日本パーカライジング
4102,2026-11-10,丸尾カルシウム
4116,2026-11-10,大日精化工業
4182,2026-11-10,三菱瓦斯化学
4186,2026-11-10,東京応化工業
4272,2026-11-10,日本化薬
4284,2026-11-10,ソルクシーズ
4350,2026-11-10,メディカルシステムネットワーク
4351,2026-11-10,山田再生系債権回収総合事務所
4388,2026-11-10,エーアイ
4415,2026-11-10,ブロードエンタープライズ
4471,2026-11-10,三洋化成工業
4495,2026-11-10,アイキューブドシステムズ
4523,2026-11-10,エーザイ
4548,2026-11-10,生化学工業
4554,2026-11-10,富士製薬工業
4583,2026-11-10,カイオム・バイオサイエンス
4628,2026-11-10,エスケー化研
4732,2026-11-10,ユー・エス・エス
4819,2026-11-10,デジタルガレージ
4911,2026-11-10,資生堂
4922,2026-11-10,コーセーホールディングス
4928,2026-11-10,ノエビアホールディングス
4960,2026-11-10,ケミプロ化成
4967,2026-11-10,小林製薬
4998,2026-11-10,フマキラー
5021,2026-11-10,コスモエネルギーホールディングス
5071,2026-11-10,ヴィス
5121,2026-11-10,藤倉コンポジット
5126,2026-11-10,ポーターズ
5162,2026-11-10,朝日ラバー
5189,2026-11-10,櫻護謨
5233,2026-11-10,太平洋セメント
5351,2026-11-10,品川リフラ
5393,2026-11-10,ニチアス
543A,2026-11-10,ＡＲＣＨＩＯＮ
545A,2026-11-10,トランヴィア
5541,2026-11-10,大平洋金属
5570,2026-11-10,ジェノバ
5631,2026-11-10,日本製鋼所
5644,2026-11-10,メタルアート
5706,2026-11-10,三井金属
5713,2026-11-10,住友金属鉱山
5726,2026-11-10,大阪チタニウムテクノロジーズ
5803,2026-11-10,フジクラ
5831,2026-11-10,しずおかフィナンシャルグループ
5842,2026-11-10,インテグラル・グループ
5891,2026-11-10,ＳＡＫＩＧＡＫＥホールディングス
5939,2026-11-10,大谷工業
5969,2026-11-10,ロブテックス
5973,2026-11-10,トーアミ
6016,2026-11-10,ジャパンエンジンコーポレーション
6186,2026-11-10,一蔵
6235,2026-11-10,オプトラン
6269,2026-11-10,三井海洋開発
6381,2026-11-10,アネスト岩田
6384,2026-11-10,昭和真空
6391,2026-11-10,加地テック
6418,2026-11-10,日本金銭機械
6457,2026-11-10,グローリー
6537,2026-11-10,ＷＡＳＨハウス
6539,2026-11-10,ＭＳ－Ｊａｐａｎ
6549,2026-11-10,ディーエムソリューションズ
6551,2026-11-10,ツナググループ・ホールディングス
6645,2026-11-10,オムロン
6648,2026-11-10,かわでん
6718,2026-11-10,アイホン
6728,2026-11-10,アルバック
6741,2026-11-10,日本信号
6744,2026-11-10,能美防災
6763,2026-11-10,帝国通信工業
6785,2026-11-10,鈴木
6794,2026-11-10,フォスター電機
6800,2026-11-10,ヨコオ
6820,2026-11-10,アイコム
6845,2026-11-10,アズビル
6848,2026-11-10,東亜ディーケーケー
6849,2026-11-10,日本光電工業
6855,2026-11-10,日本電子材料
6869,2026-11-10,シスメックス
6899,2026-11-10,ＡＳＴＩ
6965,2026-11-10,浜松ホトニクス
6982,2026-11-10,リード
6997,2026-11-10,日本ケミコン
7003,2026-11-10,三井Ｅ＆Ｓ
7012,2026-11-10,川崎重工業
7080,2026-11-10,スポーツフィールド
7094,2026-11-10,ＮｅｘＴｏｎｅ
7187,2026-11-10,ジェイリース
7189,2026-11-10,西日本フィナンシャルホールディングス
7199,2026-11-10,プレミアグループ
7208,2026-11-10,カネミツ
7220,2026-11-10,武蔵精密工業
7269,2026-11-10,スズキ
7305,2026-11-10,新家工業
7337,2026-11-10,ひろぎんホールディングス
7425,2026-11-10,初穂商事
7444,2026-11-10,ハリマ共和物産
7482,2026-11-10,シモジマ
7500,2026-11-10,西川計測
7502,2026-11-10,プラザホールディングス
7521,2026-11-10,ムサシ
7619,2026-11-10,田中商事
7733,2026-11-10,オリンパス
7867,2026-11-10,タカラトミー
7868,2026-11-10,広済堂ホールディングス
7872,2026-11-10,エステールホールディングス
7906,2026-11-10,ヨネックス
7918,2026-11-10,ヴィア・ホールディングス
7932,2026-11-10,ニッピ
7943,2026-11-10,ニチハ
8043,2026-11-10,スターゼン
8050,2026-11-10,セイコーグループ
8061,2026-11-10,西華産業
8085,2026-11-10,ナラサキ産業
8086,2026-11-10,ニプロ
8088,2026-11-10,岩谷産業
8097,2026-11-10,三愛オブリ
8154,2026-11-10,加賀電子
8160,2026-11-10,木曽路
8219,2026-11-10,青山商事
8252,2026-11-10,丸井グループ
8308,2026-11-10,りそなホールディングス
8338,2026-11-10,筑波銀行
8354,2026-11-10,ふくおかフィナンシャルグループ
8367,2026-11-10,南都銀行
8368,2026-11-10,百五銀行
8386,2026-11-10,百十四銀行
8416,2026-11-10,高知銀行
8544,2026-11-10,京葉銀行
8558,2026-11-10,東和銀行
8830,2026-11-10,住友不動産
8835,2026-11-10,太平洋興発
8881,2026-11-10,日神グループホールディングス
8928,2026-11-10,穴吹興産
8945,2026-11-10,サンネクスタグループ
8996,2026-11-10,ハウスフリーダム
9005,2026-11-10,東急
9008,2026-11-10,京王電鉄
9039,2026-11-10,サカイ引越センター
9173,2026-11-10,東海汽船
9259,2026-11-10,タカヨシホールディングス
9306,2026-11-10,東陽倉庫
9308,2026-11-10,乾汽船
9332,2026-11-10,ＮＩＳＳＯホールディングス
9343,2026-11-10,アイビス
9360,2026-11-10,鈴与シンワート
9361,2026-11-10,伏木海陸運送
9366,2026-11-10,サンリツ
9367,2026-11-10,大東港運
9438,2026-11-10,エムティーアイ
9517,2026-11-10,イーレックス
9644,2026-11-10,タナベコンサルティンググループ
9699,2026-11-10,ニシオホールディングス
9702,2026-11-10,アイ・エス・ビー
9753,2026-11-10,アイエックス・ナレッジ
9854,2026-11-10,愛眼
9880,2026-11-10,イノテック
9888,2026-11-10,ＵＥＸ
9890,2026-11-10,マキヤ
9908,2026-11-10,日本電計
9960,2026-11-10,東テク
9986,2026-11-10,蔵王産業
130A,2026-11-11,Ｖｅｒｉｔａｓ　Ｉｎ　Ｓｉｌｉｃｏ
1420,2026-11-11,サンヨーホームズ
1762,2026-11-11,高松コンストラクショングループ
1801,2026-11-11,大成建設
1810,2026-11-11,松井建設
1812,2026-11-11,鹿島建設
1833,2026-11-11,奥村組
1871,2026-11-11,ピーエス・コンストラクション
1925,2026-11-11,大和ハウス工業
1926,2026-11-11,ライト工業
1963,2026-11-11,日揮ホールディングス
1980,2026-11-11,ダイダン
1982,2026-11-11,日比谷総合設備
2108,2026-11-11,ニッテン
2120,2026-11-11,ＬＩＦＵＬＬ
2181,2026-11-11,パーソルホールディングス
2185,2026-11-11,シイエム・シイ
2204,2026-11-11,中村屋
2207,2026-11-11,ｍｅｉｔｏ
2226,2026-11-11,湖池屋
2321,2026-11-11,ソフトフロントホールディングス
2410,2026-11-11,キャリアデザインセンター
2454,2026-11-11,オールアバウト
248A,2026-11-11,キッズスター
2501,2026-11-11,サッポロビール
2503,2026-11-11,キリンホールディングス
255A,2026-11-11,ジーエルテクノホールディングス
256A,2026-11-11,飛島ホールディングス
2587,2026-11-11,サントリービバレッジ＆フード
268A,2026-11-11,リガク・ホールディングス
2820,2026-11-11,やまみ
2897,2026-11-11,日清食品ホールディングス
2922,2026-11-11,なとり
297A,2026-11-11,アルピコホールディングス
2980,2026-11-11,ＳＲＥホールディングス
3069,2026-11-11,ＪＦＬＡホールディングス
3107,2026-11-11,ダイワボウホールディングス
3109,2026-11-11,シキボウ
3178,2026-11-11,チムニー
3205,2026-11-11,ダイドーリミテッド
3237,2026-11-11,イントランス
335A,2026-11-11,ミライロ
3392,2026-11-11,デリカフーズホールディングス
3405,2026-11-11,クラレ
3417,2026-11-11,大木ヘルスケアホールディングス
341A,2026-11-11,トヨコー
3431,2026-11-11,宮地エンジニアリンググループ
3436,2026-11-11,ＳＵＭＣＯ
3447,2026-11-11,信和
3537,2026-11-11,昭栄薬品
3571,2026-11-11,ソトー
3632,2026-11-11,グリーホールディングス
3673,2026-11-11,ブロードリーフ
3683,2026-11-11,サイバーリンクス
3723,2026-11-11,日本ファルコム
3768,2026-11-11,リスクモンスター
3773,2026-11-11,アドバンスト・メディア
3800,2026-11-11,ユニリタ
3817,2026-11-11,ＳＲＡホールディングス
3848,2026-11-11,データ・アプリケーション
386A,2026-11-11,みのや
3896,2026-11-11,阿波製紙
3920,2026-11-11,アイビーシー
3944,2026-11-11,古林紙工
3947,2026-11-11,ダイナパック
3950,2026-11-11,ザ・パック
3984,2026-11-11,ユーザーローカル
3992,2026-11-11,ニーズウェル
4004,2026-11-11,レゾナック・ホールディングス
4008,2026-11-11,住友精化
4013,2026-11-11,勤次郎
4022,2026-11-11,ラサ工業
4027,2026-11-11,テイカ
4071,2026-11-11,プラスアルファ・コンサルティング
4100,2026-11-11,戸田工業
4112,2026-11-11,保土谷化学工業
4118,2026-11-11,カネカ
4183,2026-11-11,三井化学
421A,2026-11-11,ムービン・ストラテジック・キャリア
4231,2026-11-11,タイガースポリマー
4237,2026-11-11,フジプレアム
4242,2026-11-11,タカギセイコー
4243,2026-11-11,ニックス
4258,2026-11-11,網屋
4275,2026-11-11,カーリット
429A,2026-11-11,テクセンドフォトマスク
4331,2026-11-11,テイクアンドギヴ・ニーズ
4356,2026-11-11,応用技術
4389,2026-11-11,プロパティデータバンク
4396,2026-11-11,システムサポートホールディングス
4398,2026-11-11,ブロードバンドセキュリティ
4401,2026-11-11,ＡＤＥＫＡ
4478,2026-11-11,フリー
4524,2026-11-11,森下仁丹
4538,2026-11-11,扶桑薬品工業
4544,2026-11-11,Ｈ．Ｕ．グループホールディングス
4553,2026-11-11,東和薬品
4570,2026-11-11,免疫生物研究所
4587,2026-11-11,ペプチドリーム
4612,2026-11-11,日本ペイントホールディングス
4667,2026-11-11,アイサンテクノロジー
4680,2026-11-11,ラウンドワン
4694,2026-11-11,ビー・エム・エル
4705,2026-11-11,クリップコーポレーション
4751,2026-11-11,サイバーエージェント
4828,2026-11-11,ビジネスエンジニアリング
4884,2026-11-11,クリングルファーマ
4889,2026-11-11,レナサイエンス
4890,2026-11-11,坪田ラボ
4918,2026-11-11,アイビー化粧品
4931,2026-11-11,新日本製薬
4933,2026-11-11,Ｉ－ｎｅ
4951,2026-11-11,エステー
4958,2026-11-11,長谷川香料
4966,2026-11-11,上村工業
4971,2026-11-11,メック
4979,2026-11-11,ＯＡＴアグリオ
4980,2026-11-11,デクセリアルズ
5013,2026-11-11,ユシロ
5019,2026-11-11,出光興産
5020,2026-11-11,ＥＮＥＯＳホールディングス
5035,2026-11-11,ＨＯＵＳＥＩ
504A,2026-11-11,イノバセル
5076,2026-11-11,インフロニア・ホールディングス
5184,2026-11-11,ニチリン
520A,2026-11-11,ジェイファーマ
5232,2026-11-11,住友大阪セメント
5253,2026-11-11,カバー
5262,2026-11-11,日本ヒューム
5288,2026-11-11,アジアパイルホールディングス
544A,2026-11-11,ＧＭＳグループ
548A,2026-11-11,システムエグゼ
5586,2026-11-11,Ｌａｂｏｒｏ．ＡＩ
5599,2026-11-11,Ｓ＆Ｊ
5695,2026-11-11,パウダーテック
5702,2026-11-11,大紀アルミニウム工業所
5711,2026-11-11,三菱マテリアル
5714,2026-11-11,ＤＯＷＡホールディングス
5805,2026-11-11,ＳＷＣＣ
5838,2026-11-11,楽天銀行
5852,2026-11-11,アーレスティ
5952,2026-11-11,アマテイ
5976,2026-11-11,高周波熱錬
5997,2026-11-11,協立エアテック
6013,2026-11-11,タクマ
6022,2026-11-11,赤阪鐵工所
6059,2026-11-11,ウチヤマホールディングス
6087,2026-11-11,アビスト
6090,2026-11-11,ヒューマン・メタボローム・テクノロジーズ
6098,2026-11-11,リクルートホールディングス
6104,2026-11-11,芝浦機械
6125,2026-11-11,岡本工作機械製作所
6165,2026-11-11,パンチ工業
6181,2026-11-11,タメニー
6226,2026-11-11,守谷輸送機工業
6228,2026-11-11,ジェイ・イー・ティ
6272,2026-11-11,レオン自動機
6284,2026-11-11,日精エー・エス・ビー機械
6286,2026-11-11,靜甲
6324,2026-11-11,ハーモニック・ドライブ・システムズ
6383,2026-11-11,ダイフク
6408,2026-11-11,小倉クラッチ
6433,2026-11-11,ヒーハイスト
6480,2026-11-11,日本トムソン
6485,2026-11-11,前澤給装工業
6513,2026-11-11,オリジン
6523,2026-11-11,ＰＨＣホールディングス
6570,2026-11-11,共和コーポレーション
6588,2026-11-11,東芝テック
6612,2026-11-11,バルミューダ
6626,2026-11-11,ＳＥＭＩＴＥＣ
6638,2026-11-11,ミマキエンジニアリング
6662,2026-11-11,ユビテック
6694,2026-11-11,ズーム
6850,2026-11-11,チノー
6969,2026-11-11,松尾電機
6986,2026-11-11,双葉電子工業
6998,2026-11-11,日本タングステン
7036,2026-11-11,イーエムネットジャパン
7075,2026-11-11,ＱＬＳホールディングス
7087,2026-11-11,ウイルテック
7167,2026-11-11,めぶきフィナンシャルグループ
7186,2026-11-11,横浜フィナンシャルグループ
7213,2026-11-11,レシップホールディングス
7226,2026-11-11,極東開発工業
7280,2026-11-11,ミツバ
7287,2026-11-11,日本精機
7292,2026-11-11,村上開明堂
7326,2026-11-11,ＳＢＩインシュアランスグループ
7359,2026-11-11,東京通信グループ
7374,2026-11-11,コンフィデンス・インターワークス
7456,2026-11-11,松田産業
7505,2026-11-11,扶桑電通
7525,2026-11-11,リックス
7554,2026-11-11,幸楽苑
7561,2026-11-11,ハークスレイホールディングス
7602,2026-11-11,レダックス
7628,2026-11-11,オーハシテクニカ
7637,2026-11-11,白銅
7806,2026-11-11,ＭＴＧ
7849,2026-11-11,スターツ出版
7864,2026-11-11,フジシールインターナショナル
7877,2026-11-11,永大化工
7887,2026-11-11,南海プライウッド
7898,2026-11-11,ウッドワン
7915,2026-11-11,ＮＩＳＳＨＡ
7938,2026-11-11,リーガルコーポレーション
7944,2026-11-11,ローランド
8023,2026-11-11,ＤＡＩＫＯ　ＸＴＥＣＨ
8029,2026-11-11,ルックホールディングス
8051,2026-11-11,山善
8107,2026-11-11,キムラタン
8118,2026-11-11,キング
8129,2026-11-11,東邦ホールディングス
8131,2026-11-11,ミツウロコグループホールディングス
8132,2026-11-11,シナネンホールディングス
8138,2026-11-11,三京化成
8151,2026-11-11,東陽テクニカ
8152,2026-11-11,ソマール
8275,2026-11-11,フォーバル
8304,2026-11-11,あおぞら銀行
8337,2026-11-11,千葉興業銀行
8387,2026-11-11,四国銀行
8399,2026-11-11,琉球銀行
8891,2026-11-11,ＡＭＧホールディングス
8920,2026-11-11,東祥
9006,2026-11-11,京浜急行電鉄
9007,2026-11-11,小田急電鉄
9017,2026-11-11,新潟交通
9048,2026-11-11,名古屋鉄道
9074,2026-11-11,日本石油輸送
9075,2026-11-11,福山通運
9082,2026-11-11,大和自動車交通
9147,2026-11-11,ＮＩＰＰＯＮ　ＥＸＰＲＥＳＳホールディングス
9214,2026-11-11,Ｒｅｃｏｖｅｒｙ　Ｉｎｔｅｒｎａｔｉｏｎａｌ
9256,2026-11-11,サクシード
9336,2026-11-11,大栄環境
9380,2026-11-11,東海運
9385,2026-11-11,ショーエイコーポレーション
9408,2026-11-11,ＢＳＮメディアホールディングス
9435,2026-11-11,光通信
9445,2026-11-11,フォーバルテレコム
9476,2026-11-11,中央経済社ホールディングス
9519,2026-11-11,レノバ
9543,2026-11-11,静岡ガス
9633,2026-11-11,東京テアトル
9635,2026-11-11,武蔵野興業
9684,2026-11-11,スクウェア・エニックス・ホールディングス
9726,2026-11-11,ＫＮＴ－ＣＴホールディングス
9735,2026-11-11,セコム
9746,2026-11-11,ＴＫＣ
9780,2026-11-11,ハリマビステム
9820,2026-11-11,エムティジェネックス
9850,2026-11-11,グルメ杵屋
9929,2026-11-11,平和紙業
9956,2026-11-11,バローホールディングス
1384,2026-11-12,ホクリヨウ
141A,2026-11-12,トライアルホールディングス
1435,2026-11-12,ｒｏｂｏｔ　ｈｏｍｅ
1446,2026-11-12,キャンディル
148A,2026-11-12,ハッチ・ワーク
1491,2026-11-12,中外鉱業
150A,2026-11-12,ＪＳＨ
1605,2026-11-12,ＩＮＰＥＸ
1662,2026-11-12,石油資源開発
167A,2026-11-12,リョーサン菱洋ホールディングス
1719,2026-11-12,安藤・間
1724,2026-11-12,シンクレイヤ
1808,2026-11-12,長谷工コーポレーション
1811,2026-11-12,錢高組
1835,2026-11-12,東鉄工業
1847,2026-11-12,イチケン
1852,2026-11-12,淺沼組
1853,2026-11-12,森組
1861,2026-11-12,熊谷組
1879,2026-11-12,新日本建設
1904,2026-11-12,大成温調
1952,2026-11-12,新日本空調
195A,2026-11-12,ＭＵＳＣＡＴ　ＧＲＯＵＰ
196A,2026-11-12,ＭＦＳ
1975,2026-11-12,朝日工業社
197A,2026-11-12,タウンズ
2170,2026-11-12,リンクアンドモチベーション
2173,2026-11-12,博展
2179,2026-11-12,成学社
2195,2026-11-12,アミタホールディングス
2201,2026-11-12,森永製菓
2269,2026-11-12,明治ホールディングス
2342,2026-11-12,トランスジェニックグループ
2385,2026-11-12,総医研ホールディングス
2436,2026-11-12,共同ピーアール
250A,2026-11-12,シマダヤ
2585,2026-11-12,ライフドリンク　カンパニー
2667,2026-11-12,イメージ　ワン
2693,2026-11-12,ＹＫＴ
269A,2026-11-12,Ｓａｐｅｅｔ
2749,2026-11-12,ＪＰホールディングス
2764,2026-11-12,ひらまつ
2780,2026-11-12,コメ兵ホールディングス
2874,2026-11-12,横浜冷凍
2932,2026-11-12,ＳＴＩフードホールディングス
2970,2026-11-12,ＧＬＣ　ＧＲＯＵＰ
2981,2026-11-12,ランディックス
2982,2026-11-12,ＡＤワークスグループ
2986,2026-11-12,ＬＡホールディングス
2993,2026-11-12,長栄
300A,2026-11-12,ＭＩＣ
3011,2026-11-12,バナーズ
3023,2026-11-12,ラサ商事
3040,2026-11-12,ソリトンシステムズ
3068,2026-11-12,ＷＤＩ
3096,2026-11-12,オーシャンシステム
3106,2026-11-12,倉敷紡績
3182,2026-11-12,オイシックス
3197,2026-11-12,すかいらーくホールディングス
3242,2026-11-12,アーバネットコーポレーション
3306,2026-11-12,ＳＥＩＭＡホールディングス
330A,2026-11-12,ＴａｌｅｎｔＸ
3355,2026-11-12,クリヤマホールディングス
336A,2026-11-12,ダイナミックマッププラットフォーム
3375,2026-11-12,ＺＯＡ
338A,2026-11-12,ＺｅｎｍｕＴｅｃｈ
3395,2026-11-12,サンマルクホールディングス
3434,2026-11-12,アルファ
3437,2026-11-12,特殊電極
3446,2026-11-12,ジェイテックコーポレーション
3449,2026-11-12,テクノフレックス
3465,2026-11-12,ケイアイスター不動産
3474,2026-11-12,Ｇ－ＦＡＣＴＯＲＹ
3477,2026-11-12,フォーライフ
3494,2026-11-12,マリオン
3496,2026-11-12,アズーム
3521,2026-11-12,テルマー湯ホールディングス
3538,2026-11-12,ウイルプラスホールディングス
3551,2026-11-12,ダイニック
3559,2026-11-12,ピーバンドットコム
3561,2026-11-12,力の源ホールディングス
3591,2026-11-12,ワコールホールディングス
3611,2026-11-12,マツオカコーポレーション
3639,2026-11-12,ボルテージ
3646,2026-11-12,駅探
3649,2026-11-12,ファインデックス
3652,2026-11-12,ディジタルメディアプロフェッショナル
3656,2026-11-12,ＫＬａｂ
3672,2026-11-12,オルトプラスホールディングス
3675,2026-11-12,クロス・マーケティンググループ
3679,2026-11-12,じげん
3692,2026-11-12,ＦＦＲＩセキュリティ
3695,2026-11-12,ＧＭＯプロダクトプラットフォーム
3708,2026-11-12,特種東海製紙
3710,2026-11-12,ジョルダン
3741,2026-11-12,セック
3744,2026-11-12,サイオス
3779,2026-11-12,ジェイ・エスコムホールディングス
3788,2026-11-12,ＧＭＯグローバルサイン・ホールディングス
3803,2026-11-12,イメージ情報開発
3864,2026-11-12,三菱製紙
387A,2026-11-12,フラー
3913,2026-11-12,ＧｒｅｅｎＢｅｅ
3932,2026-11-12,アカツキ
3937,2026-11-12,Ｕｂｉｃｏｍホールディングス
3953,2026-11-12,大村紙業
3965,2026-11-12,キャピタル・アセット・プランニング
3979,2026-11-12,うるる
4041,2026-11-12,日本曹達
4044,2026-11-12,セントラル硝子
4051,2026-11-12,ＧＭＯフィナンシャルゲート
4054,2026-11-12,日本情報クリエイト
4055,2026-11-12,ティアンドエスグループ
4060,2026-11-12,ｒａｋｕｍｏ
4074,2026-11-12,ラキール
4082,2026-11-12,第一稀元素化学工業
4092,2026-11-12,日本化学工業
4093,2026-11-12,東邦アセチレン
4109,2026-11-12,ステラ　ケミファ
410A,2026-11-12,ＧＭＯコマース
415A,2026-11-12,ＧＭＯ　ＴＥＣＨホールディングス
4165,2026-11-12,プレイド
4168,2026-11-12,ヤプリ
4172,2026-11-12,Ｈｉクラテス
4192,2026-11-12,スパイダープラス
4193,2026-11-12,ファブリカホールディングス
4218,2026-11-12,ニチバン
4222,2026-11-12,児玉化学工業
4246,2026-11-12,ダイキョーニシカワ
4247,2026-11-12,ポバール興業
4249,2026-11-12,森六
4255,2026-11-12,ＴＨＥＣＯＯ
4264,2026-11-12,セキュア
4265,2026-11-12,Ｉｎｓｔｉｔｕｔｉｏｎ　ｆｏｒ　ａ　Ｇｌｏｂａｌ　Ｓｏｃｉｅｔｙ
4323,2026-11-12,日本システム技術
4374,2026-11-12,ＲＯＢＯＴ　ＰＡＹＭＥＮＴ
4377,2026-11-12,ワンキャリア
4379,2026-11-12,Ｐｈｏｔｏｓｙｎｔｈ
4381,2026-11-12,ビープラッツ
4386,2026-11-12,ＳＩＧグループ
4387,2026-11-12,ＺＵＵ
4414,2026-11-12,フレクト
4419,2026-11-12,Ｆｉｎａｔｅｘｔホールディングス
4424,2026-11-12,Ａｍａｚｉａ
4425,2026-11-12,Ｋｕｄａｎ
4427,2026-11-12,ＥｄｕＬａｂ
4447,2026-11-12,ピー・ビーシステムズ
4464,2026-11-12,ソフト９９コーポレーション
4480,2026-11-12,メドレー
4482,2026-11-12,ウィルズ
4484,2026-11-12,ランサーズ
4488,2026-11-12,ＡＩ　ｉｎｓｉｄｅ
4526,2026-11-12,理研ビタミン
4527,2026-11-12,ロート製薬
4543,2026-11-12,テルモ
4576,2026-11-12,デ・ウエスタン・セラピテクス研究所
4584,2026-11-12,キッズウェル・バイオ
4591,2026-11-12,リボミック
4593,2026-11-12,ヘリオス
4597,2026-11-12,ソレイジア・ファーマ
4619,2026-11-12,日本特殊塗料
4620,2026-11-12,藤倉化成
4625,2026-11-12,アトミクス
4629,2026-11-12,大伸化学
4631,2026-11-12,ＤＩＣ
4641,2026-11-12,アルプス技研
4664,2026-11-12,アール・エス・シー
471A,2026-11-12,ＮＳグループ
4720,2026-11-12,城南進学研究社
4743,2026-11-12,アイティフォー
4776,2026-11-12,サイボウズ
480A,2026-11-12,リブ・コンサルティング
483A,2026-11-12,テラテクノロジー
4849,2026-11-12,エン
485A,2026-11-12,パワーエックス
4881,2026-11-12,ファンペップ
4883,2026-11-12,モダリス
4937,2026-11-12,Ｗａｑｏｏ
4978,2026-11-12,リプロセル
5011,2026-11-12,ニチレキグループ
5029,2026-11-12,サークレイス
5034,2026-11-12,ｕｎｅｒｒｙ
5036,2026-11-12,日本ビジネスシステムズ
5108,2026-11-12,ブリヂストン
5139,2026-11-12,オープンワーク
5142,2026-11-12,アキレス
5254,2026-11-12,Ａｒｅｎｔ
5273,2026-11-12,三谷セキサン
5290,2026-11-12,ベルテクスコーポレーション
5356,2026-11-12,美濃窯業
5363,2026-11-12,東京窯業
5368,2026-11-12,日本インシュレーション
5533,2026-11-12,エリッツホールディングス
5537,2026-11-12,ＡｌｂａＬｉｎｋ
558A,2026-11-12,ＳＱＵＥＥＺＥ
5590,2026-11-12,ネットスターズ
5698,2026-11-12,エンビプロ・ホールディングス
5715,2026-11-12,古河機械金属
5845,2026-11-12,全保連
5871,2026-11-12,ＳＯＬＩＺＥ　Ｈｏｌｄｉｎｇｓ
5884,2026-11-12,クラダシ
5922,2026-11-12,那須電機鉄工
5943,2026-11-12,ノーリツ
5946,2026-11-12,長府製作所
5949,2026-11-12,ユニプレス
5957,2026-11-12,日東精工
5962,2026-11-12,浅香工業
5970,2026-11-12,ジーテクト
5974,2026-11-12,中国工業
5981,2026-11-12,東京製綱
5983,2026-11-12,イワブチ
5986,2026-11-12,モリテック　スチール
5989,2026-11-12,エイチワン
598A,2026-11-12,チャットプラス
5991,2026-11-12,日本発條
6005,2026-11-12,三浦工業
6055,2026-11-12,ジャパンマテリアル
6063,2026-11-12,日本エマージェンシーアシスタンス
6072,2026-11-12,ＥＲＴＨ　Ｇｒｏｕｐ
6078,2026-11-12,バリューＨＲ
6101,2026-11-12,ツガミ
6113,2026-11-12,アマダ
6149,2026-11-12,小田原エンジニアリング
6151,2026-11-12,日東工器
6158,2026-11-12,和井田製作所
6166,2026-11-12,中村超硬
6193,2026-11-12,バーチャレクス・ホールディングス
6194,2026-11-12,アトラエ
6239,2026-11-12,ナガオカ
6246,2026-11-12,テクノスマート
6249,2026-11-12,ゲームカードホールディングス
6250,2026-11-12,やまびこ
6294,2026-11-12,オカダアイヨン
6330,2026-11-12,東洋エンジニアリング
6334,2026-11-12,明治機械
6335,2026-11-12,東京機械製作所
6338,2026-11-12,タカトリ
6346,2026-11-12,キクカワエンタープライズ
6351,2026-11-12,鶴見製作所
6357,2026-11-12,三精テクノロジーズ
6363,2026-11-12,酉島製作所
6380,2026-11-12,オリエンタルチエン工業
6390,2026-11-12,加藤製作所
6393,2026-11-12,油研工業
6412,2026-11-12,平和ホールディングス
6440,2026-11-12,ＪＵＫＩ
6458,2026-11-12,新晃工業
6465,2026-11-12,ホシザキ
6466,2026-11-12,ＴＶＥ
6482,2026-11-12,ＹＵＳＨＩＮ
6490,2026-11-12,ＰＩＬＬＡＲ
6517,2026-11-12,デンヨー
6540,2026-11-12,船場
6544,2026-11-12,ジャパンエレベーターサービスホールディングス
6545,2026-11-12,インターネットインフィニティー
6584,2026-11-12,三櫻工業
6599,2026-11-12,エブレン
6614,2026-11-12,シキノハイテック
6615,2026-11-12,ユー・エム・シー・エレクトロニクス
6675,2026-11-12,サクサ
6706,2026-11-12,電気興業
6740,2026-11-12,ジャパンディスプレイ
6748,2026-11-12,星和電機
6750,2026-11-12,エレコム
6819,2026-11-12,伊豆シャボテンリゾート
6859,2026-11-12,エスペック
6862,2026-11-12,ミナトホールディングス
6871,2026-11-12,日本マイクロニクス
6874,2026-11-12,協立電機
6904,2026-11-12,原田工業
6915,2026-11-12,千代田インテグレ
6918,2026-11-12,アバールデータ
6926,2026-11-12,岡谷電機産業
6943,2026-11-12,ＮＫＫスイッチズ
6952,2026-11-12,カシオ計算機
6962,2026-11-12,大真空
6993,2026-11-12,大黒屋ホールディングス
7038,2026-11-12,フロンティア・マネジメント
7043,2026-11-12,アルー
7059,2026-11-12,コプロ・ホールディングス
7066,2026-11-12,ピアズ
7069,2026-11-12,サイバー・バズ
7078,2026-11-12,ＩＮＣＬＵＳＩＶＥ　Ｈｏｌｄｉｎｇｓ
7081,2026-11-12,コーユーレンティア
7090,2026-11-12,リグア
7122,2026-11-12,近畿車輛
7157,2026-11-12,ライフネット生命保険
7180,2026-11-12,九州フィナンシャルグループ
7215,2026-11-12,ファルテック
7235,2026-11-12,東京ラヂエーター製造
7238,2026-11-12,曙ブレーキ工業
7246,2026-11-12,プレス工業
7320,2026-11-12,Ｓｏｌｖｖｙ
7347,2026-11-12,マーキュリアホールディングス
7358,2026-11-12,ポピンズ
7368,2026-11-12,表示灯
7372,2026-11-12,デコルテ・ホールディングス
7433,2026-11-12,伯東
7438,2026-11-12,コンドーテック
7532,2026-11-12,パン・パシフィック・インターナショナルホールディングス
7539,2026-11-12,アイナボホールディングス
7550,2026-11-12,ゼンショーホールディングス
7552,2026-11-12,ハピネット
7567,2026-11-12,栄電子
7670,2026-11-12,オーウエル
7717,2026-11-12,ブイ・テクノロジー
7734,2026-11-12,理研計器
7749,2026-11-12,メディキット
7762,2026-11-12,シチズン時計
7791,2026-11-12,ドリームベッド
7794,2026-11-12,イーディーピー
7803,2026-11-12,ブシロード
7813,2026-11-12,プラッツ
7819,2026-11-12,粧美堂
7820,2026-11-12,ニホンフラッシュ
7833,2026-11-12,アイフィスジャパン
7837,2026-11-12,アールシーコア
7860,2026-11-12,エイベックス
7902,2026-11-12,ソノコム
7927,2026-11-12,ムトー精工
7952,2026-11-12,河合楽器製作所
8007,2026-11-12,高島
8022,2026-11-12,美津濃
8037,2026-11-12,カメイ
8041,2026-11-12,ＯＵＧホールディングス
8066,2026-11-12,三谷商事
8093,2026-11-12,極東貿易
8101,2026-11-12,ＧＳＩクレオス
8135,2026-11-12,ゼット
8147,2026-11-12,トミタ
8207,2026-11-12,テンアライド
8225,2026-11-12,タカチホ
8309,2026-11-12,三井住友トラストグループ
8341,2026-11-12,七十七銀行
8345,2026-11-12,岩手銀行
8381,2026-11-12,山陰合同銀行
8511,2026-11-12,日本証券金融
8551,2026-11-12,北日本銀行
8562,2026-11-12,福島銀行
8593,2026-11-12,三菱ＨＣキャピタル
8705,2026-11-12,日産証券グループ
8804,2026-11-12,東京建物
8869,2026-11-12,明和地所
8876,2026-11-12,リログループ
8929,2026-11-12,青山財産ネットワークス
8999,2026-11-12,グランディハウス
9012,2026-11-12,秩父鉄道
9024,2026-11-12,西武ホールディングス
9025,2026-11-12,鴻池運輸
9028,2026-11-12,ゼロ
9051,2026-11-12,センコン物流
9052,2026-11-12,山陽電気鉄道
9060,2026-11-12,日本ロジテム
9069,2026-11-12,センコーグループホールディングス
9073,2026-11-12,京極運輸商事
9076,2026-11-12,セイノーホールディングス
9193,2026-11-12,東京汽船
9213,2026-11-12,セイファート
9221,2026-11-12,フルハシＥＰＯ
9227,2026-11-12,ＭＷＣＣ
9229,2026-11-12,サンウェルズ
9246,2026-11-12,プロジェクトホールディングス
9271,2026-11-12,和心
9272,2026-11-12,ブティックス
9274,2026-11-12,ＫＰＰグループホールディングス
9310,2026-11-12,日本トランスシティ
9322,2026-11-12,川西倉庫
9340,2026-11-12,アソインターナショナル
9363,2026-11-12,大運
9364,2026-11-12,上組
9365,2026-11-12,トレーディア
9409,2026-11-12,テレビ朝日ホールディングス
9439,2026-11-12,エム・エイチ・グループ
9468,2026-11-12,ＫＡＤＯＫＡＷＡ
9564,2026-11-12,ＦＣＥ
9621,2026-11-12,建設技術研究所
9656,2026-11-12,グリーンランドリゾート
9729,2026-11-12,トーカイ
9761,2026-11-12,東海リース
9769,2026-11-12,学究社
9791,2026-11-12,ビケンテクノ
9869,2026-11-12,加藤産業
9885,2026-11-12,シャルレ
9895,2026-11-12,コンセック
9900,2026-11-12,サガミホールディングス
9904,2026-11-12,ベリテ
9906,2026-11-12,藤井産業ホールディングス
9987,2026-11-12,スズケン
9994,2026-11-12,やまや
9996,2026-11-12,サトー商会
1379,2026-11-13,ホクト
1380,2026-11-13,秋川牧園
1438,2026-11-13,岐阜造園
145A,2026-11-13,Ｌ　ｉｓ　Ｂ
149A,2026-11-13,シンカ
1518,2026-11-13,三井松島ホールディングス
151A,2026-11-13,ダイブグループ
153A,2026-11-13,カウリス
160A,2026-11-13,アズパートナーズ
1663,2026-11-13,Ｋ＆Ｏエナジーグループ
1711,2026-11-13,ＳＤＳホールディングス
1716,2026-11-13,第一カッター興業
173A,2026-11-13,ハンモック
175A,2026-11-13,Ｗｉｌｌ　Ｓｍａｒｔ
1764,2026-11-13,工藤建設
177A,2026-11-13,コージンバイオ
1788,2026-11-13,三東工業社
1795,2026-11-13,マサル
1802,2026-11-13,大林組
1815,2026-11-13,鉄建建設
1822,2026-11-13,大豊建設
1827,2026-11-13,ナカノフドー建設
1860,2026-11-13,戸田建設
1914,2026-11-13,日本基礎技術
1921,2026-11-13,巴コーポレーション
194A,2026-11-13,ＷＯＬＶＥＳ　ＨＡＮＤ
1961,2026-11-13,三機工業
206A,2026-11-13,ＰＲＩＳＭ　ＢｉｏＬａｂ
2124,2026-11-13,ジェイエイシーリクルートメント
2146,2026-11-13,ＵＴグループ
2160,2026-11-13,ジーエヌアイグループ
2169,2026-11-13,ＣＤＳ
219A,2026-11-13,Ｈｅａｒｔｓｅｅｄ
220A,2026-11-13,Ｆａｂｅｒ　Ｃｏｍｐａｎｙ
2215,2026-11-13,第一屋製パン
2266,2026-11-13,六甲バター
2267,2026-11-13,ヤクルト本社
2286,2026-11-13,林兼産業
2291,2026-11-13,福留ハム
2323,2026-11-13,ｆｏｎｆｕｎ
2329,2026-11-13,東北新社
2332,2026-11-13,クエスト
2334,2026-11-13,イオレ
2340,2026-11-13,極楽湯ホールディングス
2351,2026-11-13,ＡＳＪ
2384,2026-11-13,ＳＢＳホールディングス
2388,2026-11-13,ウェッジホールディングス
2415,2026-11-13,ヒューマンホールディングス
2429,2026-11-13,ワールドホールディングス
2435,2026-11-13,シダー
2464,2026-11-13,Ａｏｂａ‐ＢＢＴ
246A,2026-11-13,アスア
247A,2026-11-13,Ａｉロボティクス
2485,2026-11-13,ティア
2498,2026-11-13,オリエンタルコンサルタンツホールディングス
2499,2026-11-13,日本和装ホールディングス
2502,2026-11-13,アサヒグループホールディングス
253A,2026-11-13,ＥＴＳグループ
2586,2026-11-13,フルッタフルッタ
2597,2026-11-13,ユニカフェ
261A,2026-11-13,日水コン
2652,2026-11-13,まんだらけ
2656,2026-11-13,ベクターホールディングス
265A,2026-11-13,Ｈｍｃｏｍｍ
2708,2026-11-13,久世
2721,2026-11-13,ジェイホールディングス
2750,2026-11-13,石光商事
2788,2026-11-13,アップルインターナショナル
2795,2026-11-13,日本プリメックス
2806,2026-11-13,ユタカフーズ
2813,2026-11-13,和弘食品
2818,2026-11-13,ピエトロ
281A,2026-11-13,インフォメティス
2831,2026-11-13,はごろもフーズ
286A,2026-11-13,ユカリア
2876,2026-11-13,デルソーレ
2877,2026-11-13,日東ベスト
287A,2026-11-13,黒田グループ
290A,2026-11-13,Ｓｙｎｓｐｅｃｔｉｖｅ
2916,2026-11-13,仙波糖化工業
2917,2026-11-13,大森屋
291A,2026-11-13,リスキル
2931,2026-11-13,ユーグレナ
2933,2026-11-13,紀文食品
2938,2026-11-13,オカムラ食品工業
2961,2026-11-13,日本調理機
2962,2026-11-13,テクニスコ
2984,2026-11-13,ヤマイチエステート
2998,2026-11-13,クリアル
3010,2026-11-13,ポラリス・ホールディングス
3020,2026-11-13,アプライド
302A,2026-11-13,ビースタイルホールディングス
3041,2026-11-13,ビューティカダンホールディングス
3042,2026-11-13,セキュアヴェイル
3053,2026-11-13,ペッパーフードサービス
3054,2026-11-13,ハイパー
3058,2026-11-13,三洋堂ホールディングス
3088,2026-11-13,マツキヨココカラ＆カンパニー
3097,2026-11-13,物語コーポレーション
3099,2026-11-13,三越伊勢丹ホールディングス
3113,2026-11-13,ＵＮＩＶＡ・Ｏａｋホールディングス
3133,2026-11-13,海帆
3135,2026-11-13,マーケットエンタープライズ
3138,2026-11-13,富士山マガジンサービス
3156,2026-11-13,レスター
3173,2026-11-13,Ｃｏｍｉｎｉｘ
3175,2026-11-13,エー・ピーホールディングス
3184,2026-11-13,ＩＣＤＡホールディングス
3185,2026-11-13,夢展望
3187,2026-11-13,ミラタップ
3196,2026-11-13,ホットランドホールディングス
319A,2026-11-13,技術承継機構
3204,2026-11-13,トーア紡コーポレーション
3238,2026-11-13,セントラル総合開発
3245,2026-11-13,ディア・ライフ
3277,2026-11-13,サンセイランディック
3284,2026-11-13,フージャースホールディングス
3293,2026-11-13,アズマハウス
3299,2026-11-13,ムゲンエステート
3300,2026-11-13,アンビション　ＤＸ　ホールディングス
332A,2026-11-13,ミーク
334A,2026-11-13,ビジュアル・プロセッシング・ジャパン
3350,2026-11-13,メタプラネット
3358,2026-11-13,Ｔｒａｉｌｈｅａｄ　Ｇｌｏｂａｌ　Ｈｏｌｄｉｎｇｓ
3359,2026-11-13,ｃｏｔｔａ
3370,2026-11-13,フジタコーポレーション
3372,2026-11-13,関門海
3374,2026-11-13,内外テック
3409,2026-11-13,北紡
3416,2026-11-13,ピクスタ
343A,2026-11-13,ＩＡＣＥトラベル
3452,2026-11-13,ビーロット
3457,2026-11-13,Ａｎｄ　Ｄｏホールディングス
3461,2026-11-13,パルマ
3469,2026-11-13,デュアルタップ
3484,2026-11-13,イノベーションホールディングス
3486,2026-11-13,グローバル・リンク・マネジメント
3489,2026-11-13,フェイスネットワーク
3495,2026-11-13,香陵住販
3513,2026-11-13,イチカワ
3529,2026-11-13,アツギ
352A,2026-11-13,ＬＯＩＶＥ
3556,2026-11-13,リネットジャパングループ
3598,2026-11-13,山喜
3600,2026-11-13,フジックス
3624,2026-11-13,アクセルマーク
3625,2026-11-13,テックファームホールディングス
3661,2026-11-13,エムアップホールディングス
3664,2026-11-13,ＷＩＺＥ
3667,2026-11-13,ｅｎｉｓｈ
366A,2026-11-13,ウェルネス・コミュニケーションズ
3674,2026-11-13,オークファン
3680,2026-11-13,ホットリンク
3686,2026-11-13,ディー・エル・イー
3694,2026-11-13,オプティム
3719,2026-11-13,ＡＩストーム
3726,2026-11-13,フォーシーズＨＤ
3747,2026-11-13,インタートレード
3750,2026-11-13,ＡＤＲバイオメディカルホールディングス
3753,2026-11-13,フライトソリューションズ
3758,2026-11-13,アエリア
3763,2026-11-13,プロシップ
3765,2026-11-13,ガンホー・オンライン・エンターテイメント
3777,2026-11-13,環境フレンドリーホールディングス
3807,2026-11-13,フィスコ
3825,2026-11-13,リミックスポイント
3845,2026-11-13,アイフリークモバイル
3851,2026-11-13,日本一ソフトウェア
3853,2026-11-13,アステリア
3858,2026-11-13,ユビキタスＡＩ
3865,2026-11-13,北越コーポレーション
3877,2026-11-13,中越パルプ工業
3880,2026-11-13,大王製紙
3901,2026-11-13,マークラインズ
3916,2026-11-13,デジタル・インフォメーション・テクノロジー
3918,2026-11-13,ＰＣＩソリューションズ
3923,2026-11-13,ラクス
3925,2026-11-13,ダブルスタンダード
3927,2026-11-13,フーバーブレイン
3928,2026-11-13,マイネット
3933,2026-11-13,チエル
3936,2026-11-13,グローバルウェイ
3939,2026-11-13,カナミックネットワーク
3940,2026-11-13,ノムラシステムコーポレーション
3943,2026-11-13,大石産業
3958,2026-11-13,笹徳印刷
3963,2026-11-13,シンクロ・フード
3970,2026-11-13,イノベーション
3976,2026-11-13,シャノン
3981,2026-11-13,ビーグリー
3985,2026-11-13,テモナ
4011,2026-11-13,ヘッドウォータース
4020,2026-11-13,ビートレンド
4040,2026-11-13,南海化学
4052,2026-11-13,フィーチャ
4053,2026-11-13,Ｓｕｎ　Ａｓｔｅｒｉｓｋ
4058,2026-11-13,トヨクモ
4059,2026-11-13,まぐまぐ
407A,2026-11-13,ＵＮＩＣＯＮホールディングス
4097,2026-11-13,高圧ガス工業
4098,2026-11-13,チタン工業
4099,2026-11-13,四国化成ホールディングス
409A,2026-11-13,オリオンビール
4119,2026-11-13,日本ピグメントホールディングス
4124,2026-11-13,大阪油化工業
4125,2026-11-13,三和油化工業
4166,2026-11-13,かっこ
4167,2026-11-13,ココペリ
4170,2026-11-13,Ｋａｉｚｅｎ　Ｐｌａｔｆｏｒｍ
4177,2026-11-13,ｉ‐ｐｌｕｇ
4178,2026-11-13,Ｓｈａｒｉｎｇ　Ｉｎｎｏｖａｔｉｏｎｓ
4179,2026-11-13,ジーネクスト
4180,2026-11-13,Ａｐｐｉｅｒ　Ｇｒｏｕｐ
4206,2026-11-13,アイカ工業
4234,2026-11-13,サンエー化研
4235,2026-11-13,ウルトラファブリックス・ホールディングス
4240,2026-11-13,クラスターテクノロジー
4241,2026-11-13,アテクト
4245,2026-11-13,ダイキアクシス
4251,2026-11-13,恵和
4256,2026-11-13,サインド
4261,2026-11-13,アジアクエスト
4288,2026-11-13,アズジェント
4293,2026-11-13,セプテーニ・ホールディングス
4299,2026-11-13,ハイマックス
4301,2026-11-13,アミューズ
431A,2026-11-13,ユーソナー
4344,2026-11-13,ソースネクスト
4360,2026-11-13,マナック・ケミカル・パートナーズ
4365,2026-11-13,松本油脂製薬
4371,2026-11-13,コアコンセプト・テクノロジー
4372,2026-11-13,ユミルリンク
4390,2026-11-13,アイ・ピー・エス
4391,2026-11-13,ロジザード
4392,2026-11-13,ＦＩＧ
4406,2026-11-13,新日本理化
4416,2026-11-13,Ｔｒｕｅ　Ｄａｔａ
4418,2026-11-13,ＪＤＳＣ
4421,2026-11-13,ディ・アイ・システム
4428,2026-11-13,シノプス
4436,2026-11-13,ミンカブ・ジ・インフォノイド
4437,2026-11-13,ｇｏｏｄｄａｙｓホールディングス
4438,2026-11-13,Ｗｅｌｂｙ
4442,2026-11-13,バルテス・ホールディングス
4445,2026-11-13,リビン・テクノロジーズ
4450,2026-11-13,パワーソリューションズ
4476,2026-11-13,ＡＩ　ＣＲＯＳＳ
4481,2026-11-13,ベース
4486,2026-11-13,ユナイトアンドグロウ
4487,2026-11-13,スペースマーケット
4492,2026-11-13,ゼネテック
4493,2026-11-13,サイバーセキュリティクラウド
4496,2026-11-13,コマースＯｎｅホールディングス
4516,2026-11-13,日本新薬
4574,2026-11-13,大幸薬品
4575,2026-11-13,キャンバス
4579,2026-11-13,ラクオリア創薬
4586,2026-11-13,メドレックス
4594,2026-11-13,ブライトパス・バイオ
4595,2026-11-13,ミズホメディー
4598,2026-11-13,Ｄｅｌｔａ－Ｆｌｙ　Ｐｈａｒｍａ
4634,2026-11-13,ａｒｔｉｅｎｃｅ
4657,2026-11-13,環境管理センター
4662,2026-11-13,フォーカスシステムズ
4681,2026-11-13,リゾートトラスト
4691,2026-11-13,ワシントンホテル
4712,2026-11-13,ＫｅｙＨｏｌｄｅｒ
4725,2026-11-13,ＣＡＣ　Ｈｏｌｄｉｎｇｓ
472A,2026-11-13,ミラティブ
475A,2026-11-13,ギミック
4766,2026-11-13,ピーエイ
4767,2026-11-13,テー・オー・ダブリュー
4777,2026-11-13,ガーラ
477A,2026-11-13,スタートライン
4784,2026-11-13,ＧＭＯインターネット
479A,2026-11-13,ＰＲＯＮＩ
4811,2026-11-13,ドリーム・アーツ
4814,2026-11-13,ネクストウェア
4820,2026-11-13,イーエムシステムズ
4833,2026-11-13,Ｄｅｆ　ｃｏｎｓｕｌｔｉｎｇ
4838,2026-11-13,スペースシャワーＳＫＩＹＡＫＩホールディングス
4840,2026-11-13,トライアイズ
4882,2026-11-13,ペルセウスプロテオミクス
4887,2026-11-13,サワイグループホールディングス
4888,2026-11-13,ステラファーマ
4891,2026-11-13,ティムス
4893,2026-11-13,ノイルイミューン・バイオテック
4894,2026-11-13,クオリプス
4896,2026-11-13,ケイファーマ
4914,2026-11-13,高砂香料工業
4919,2026-11-13,ミルボン
4925,2026-11-13,ハーバー研究所
4932,2026-11-13,アルマード
4935,2026-11-13,リベルタ
4976,2026-11-13,東洋ドライルーブ
4977,2026-11-13,新田ゼラチン
4990,2026-11-13,昭和化学工業
5027,2026-11-13,ＡｎｙＭｉｎｄ　Ｇｒｏｕｐ
5028,2026-11-13,セカンドサイトアナリティカ
5033,2026-11-13,ヌーラボ
5038,2026-11-13,ｅＷｅＬＬ
5074,2026-11-13,テスホールディングス
5101,2026-11-13,横浜ゴム
5125,2026-11-13,ファインズ
5133,2026-11-13,テリロジーホールディングス
5137,2026-11-13,スマートドライブ
5138,2026-11-13,Ｒｅｂａｓｅ
5161,2026-11-13,西川ゴム工業
5210,2026-11-13,日本山村硝子
5216,2026-11-13,倉元製作所
5237,2026-11-13,ノザワ
5242,2026-11-13,アイズ
5247,2026-11-13,ＢＴＭ
5252,2026-11-13,日本ナレッジ
5255,2026-11-13,モンスターラボ
5256,2026-11-13,Ｆｕｓｉｃ
5258,2026-11-13,トランザクション・メディア・ネットワークス
5269,2026-11-13,日本コンクリート工業
5304,2026-11-13,ＳＥＣカーボン
5337,2026-11-13,ダントーホールディングス
5357,2026-11-13,ヨータイ
546A,2026-11-13,ＭＩＲＡＩＮＩホールディングス
549A,2026-11-13,ヒトトヒトホールディングス
550A,2026-11-13,ソフトテックス
554A,2026-11-13,バトンズ
5571,2026-11-13,エキサイトホールディングス
5587,2026-11-13,インバウンドプラットフォーム
5591,2026-11-13,ＡＶＩＬＥＮ
5592,2026-11-13,くすりの窓口
5597,2026-11-13,ブルーイノベーション
559A,2026-11-13,梅乃宿酒造
5616,2026-11-13,雨風太陽
5618,2026-11-13,ナイル
5619,2026-11-13,マーソ
5621,2026-11-13,ヒューマンテクノロジーズ
5699,2026-11-13,イボキン
5704,2026-11-13,ＪＭＣ
5707,2026-11-13,東邦亜鉛
5721,2026-11-13,エスクリプトエナジー
5724,2026-11-13,アサカ理研
5753,2026-11-13,日本伸銅
5757,2026-11-13,ＣＫサンエツ
5843,2026-11-13,ニッポンインシュア
5844,2026-11-13,京都フィナンシャルグループ
584A,2026-11-13,ＬｉＮＫＸ
5868,2026-11-13,ロココ
5870,2026-11-13,ナルネットコミュニケーションズ
5892,2026-11-13,ｙｕｔｏｒｉ
590A,2026-11-13,ギフティグループ
5915,2026-11-13,駒井ハルテック
5918,2026-11-13,瀧上工業
5921,2026-11-13,川岸工業
5923,2026-11-13,高田機工
593A,2026-11-13,ティアフォー
5950,2026-11-13,日本パワーファスニング
5965,2026-11-13,フジマック
5966,2026-11-13,京都機械工具
5975,2026-11-13,東プレ
5985,2026-11-13,サンコール
5987,2026-11-13,オーネックス
5998,2026-11-13,アドバネクス
6029,2026-11-13,アトラグループ
6030,2026-11-13,アドベンチャー
6033,2026-11-13,エクストリーム
6034,2026-11-13,ＭＲＴ
6036,2026-11-13,ＫｅｅＰｅｒ技研
6038,2026-11-13,イード
6045,2026-11-13,レントラックス
6054,2026-11-13,リブセンス
6061,2026-11-13,ユニバーサル園芸社
6069,2026-11-13,トレンダーズ
6070,2026-11-13,キャリアリンク
6071,2026-11-13,ＩＢＪ
6074,2026-11-13,ジェイエスエス
6081,2026-11-13,アライドアーキテクツ
6082,2026-11-13,ライドオンエクスプレスホールディングス
6092,2026-11-13,エンバイオ・ホールディングス
6094,2026-11-13,フリークアウト・ホールディングス
6118,2026-11-13,アイダエンジニアリング
6144,2026-11-13,西部電機
6167,2026-11-13,冨士ダイス
6171,2026-11-13,土木管理総合試験所
6177,2026-11-13,ＡｐｐＢａｎｋ
6178,2026-11-13,日本郵政
6189,2026-11-13,グローバルキッズＣＯＭＰＡＮＹ
6190,2026-11-13,フェニックスバイオ
6195,2026-11-13,ホープ
6198,2026-11-13,キャリア
6203,2026-11-13,豊和工業
6209,2026-11-13,リケンＮＰＲ
6218,2026-11-13,エンシュウ
621A,2026-11-13,オーディオストック
6227,2026-11-13,ＡＩメカテック
6229,2026-11-13,オーケーエム
622A,2026-11-13,テクノクラフト
6231,2026-11-13,木村工機
6233,2026-11-13,ＫＬＡＳＳ
6237,2026-11-13,イワキ
6238,2026-11-13,フリュー
6245,2026-11-13,ヒラノテクシード
6254,2026-11-13,野村マイクロ・サイエンス
6258,2026-11-13,平田機工
625A,2026-11-13,Ｓｋｙｆａｌｌ
6265,2026-11-13,コンバム
6266,2026-11-13,タツモ
6273,2026-11-13,ＳＭＣ
6287,2026-11-13,サトー
6291,2026-11-13,日本エアーテック
6298,2026-11-13,ワイエイシイホールディングス
6306,2026-11-13,日工
6316,2026-11-13,丸山製作所
6317,2026-11-13,北川鉄工所
6342,2026-11-13,太平製作所
6347,2026-11-13,プラコー
634A,2026-11-13,レイヤード
6358,2026-11-13,酒井重工業
6361,2026-11-13,荏原製作所
6365,2026-11-13,電業社機械製作所
6369,2026-11-13,トーヨーカネツ
6376,2026-11-13,日機装
6379,2026-11-13,レイズネクスト
6396,2026-11-13,宇野澤組鐵工所
6405,2026-11-13,鈴茂器工
6407,2026-11-13,ＣＫＤ
6420,2026-11-13,ガリレイホールディングス
6424,2026-11-13,高見沢サイバネティックス
6425,2026-11-13,ユニバーサルエンターテインメント
6428,2026-11-13,オーイズミ
6430,2026-11-13,ダイコク電機
6444,2026-11-13,サンデン
6463,2026-11-13,ＴＰＲ
6464,2026-11-13,ツバキ・ナカシマ
6481,2026-11-13,ＴＨＫ
6484,2026-11-13,ＫＶＫ
6494,2026-11-13,ＮＦＫホールディングス
6495,2026-11-13,宮入バルブ製作所
6497,2026-11-13,ハマイ
6533,2026-11-13,Ｏｒｃｈｅｓｔｒａ　Ｈｏｌｄｉｎｇｓ
6538,2026-11-13,ディスラプターズ
6547,2026-11-13,グリーンズ
6548,2026-11-13,旅工房
6554,2026-11-13,エスユーエス
6562,2026-11-13,ジーニー
6563,2026-11-13,みらいワークス
6564,2026-11-13,ミダックホールディングス
6566,2026-11-13,要興業
6568,2026-11-13,神戸天然物化学
6573,2026-11-13,ＣＲＡＶＩＡ
6574,2026-11-13,コンヴァノ
6579,2026-11-13,ログリー
6580,2026-11-13,ライトアップ
6597,2026-11-13,ＨＰＣシステムズ
6616,2026-11-13,トレックス・セミコンダクター
6620,2026-11-13,宮越ホールディングス
6625,2026-11-13,ＪＡＬＣＯホールディングス
6627,2026-11-13,テラプローブ
6630,2026-11-13,ヤーマン
6633,2026-11-13,ＣＧＳホールディングス
6635,2026-11-13,大日光・エンジニアリング
6637,2026-11-13,寺崎電気産業
6666,2026-11-13,リバーエレテック
6676,2026-11-13,バッファロー
6699,2026-11-13,ダイヤモンドエレクトリックホールディングス
6731,2026-11-13,ピクセラ
6736,2026-11-13,サン電子
6742,2026-11-13,京三製作所
6776,2026-11-13,天昇電気工業
6804,2026-11-13,ホシデン
6824,2026-11-13,新コスモス電機
6834,2026-11-13,精工技研
6835,2026-11-13,アライドテレシスホールディングス
6837,2026-11-13,京写
6840,2026-11-13,ＡＫＩＢＡホールディングス
6856,2026-11-13,堀場製作所
6863,2026-11-13,ニレコ
6877,2026-11-13,ＯＢＡＲＡ　ＧＲＯＵＰ
6914,2026-11-13,オプテックスグループ
6942,2026-11-13,ソフィアホールディングス
6951,2026-11-13,日本電子
6977,2026-11-13,日本抵抗器製作所
7021,2026-11-13,ニッチツ
7030,2026-11-13,スプリックス
7031,2026-11-13,インバウンドテック
7037,2026-11-13,テノ．ホールディングス
7039,2026-11-13,ブリッジインターナショナルグループ
7041,2026-11-13,ＣＲＧホールディングス
7042,2026-11-13,アクセスグループ・ホールディングス
7044,2026-11-13,ピアラ
7048,2026-11-13,ベルトラ
7057,2026-11-13,エヌ・シー・エヌ
7060,2026-11-13,ギークス
7062,2026-11-13,フレアス
7072,2026-11-13,インティメート・マージャー
7084,2026-11-13,Ｓｍｉｌｅ　Ｈｏｌｄｉｎｇｓ
7093,2026-11-13,アディッシュ
7114,2026-11-13,フーディソン
7115,2026-11-13,アルファパーチェス
7120,2026-11-13,ＳＨＩＮＫＯ
7127,2026-11-13,一家ホールディングス
7133,2026-11-13,ＨＹＵＧＡ　ＰＲＩＭＡＲＹ　ＣＡＲＥ
7135,2026-11-13,ジャパンクラフトホールディングス
7140,2026-11-13,ペットゴー
7150,2026-11-13,島根銀行
7161,2026-11-13,じもとホールディングス
7181,2026-11-13,かんぽ生命保険
7182,2026-11-13,ゆうちょ銀行
7214,2026-11-13,ＧＭＢ
7217,2026-11-13,テイン
7239,2026-11-13,タチエス
7244,2026-11-13,市光工業
7245,2026-11-13,大同メタル工業
7254,2026-11-13,ユニバンス
7264,2026-11-13,ムロコーポレーション
7266,2026-11-13,今仙電機製作所
7271,2026-11-13,安永
7291,2026-11-13,日本プラスト
7294,2026-11-13,ヨロズ
7314,2026-11-13,小田原機器
7318,2026-11-13,セレンディップ・ホールディングス
7322,2026-11-13,三十三フィナンシャルグループ
7325,2026-11-13,アイリックコーポレーション
7327,2026-11-13,第四北越フィナンシャルグループ
7343,2026-11-13,ブロードマインド
7345,2026-11-13,アイ・パートナーズフィナンシャル
7350,2026-11-13,おきなわフィナンシャルグループ
7353,2026-11-13,ＫＩＹＯラーニング
7354,2026-11-13,ダイレクトマーケティングミックス
7361,2026-11-13,ヒューマンクリエイションホールディングス
7362,2026-11-13,Ｔ．Ｓ．Ｉ
7363,2026-11-13,ベビーカレンダー
7367,2026-11-13,セルム
7369,2026-11-13,メイホーホールディングス
7371,2026-11-13,Ｚｅｎｋｅｎ
7375,2026-11-13,リファインバースグループ
7376,2026-11-13,ＢＣＣ
7377,2026-11-13,ＤＮホールディングス
7383,2026-11-13,ネットプロテクションズホールディングス
7389,2026-11-13,あいちフィナンシャルグループ
7409,2026-11-13,ＡｅｒｏＥｄｇｅ
7416,2026-11-13,はるやまホールディングス
7446,2026-11-13,東北化学薬品
7462,2026-11-13,ＣＡＰＩＴＡ
7494,2026-11-13,コナカ
7524,2026-11-13,マルシェ
7527,2026-11-13,システムソフト
7531,2026-11-13,清和中央ホールディングス
7555,2026-11-13,大田花き
7571,2026-11-13,ヤマノホールディングス
7578,2026-11-13,ニチリョク
7585,2026-11-13,かんなん丸
7593,2026-11-13,ＶＴホールディングス
7596,2026-11-13,魚力
7638,2026-11-13,ＮＥＷ　ＡＲＴ　ＨＯＬＤＩＮＧＳ
7643,2026-11-13,ダイイチ
7677,2026-11-13,ヤシマキザイ
7681,2026-11-13,レオクラン
7685,2026-11-13,ＢｕｙＳｅｌｌ　Ｔｅｃｈｎｏｌｏｇｉｅｓ
7686,2026-11-13,ひとまいる
7695,2026-11-13,リフォームテクノロジー
7698,2026-11-13,アイスコ
7716,2026-11-13,ナカニシ
7726,2026-11-13,黒田精工
7727,2026-11-13,オーバル
7744,2026-11-13,ノーリツ鋼機
7746,2026-11-13,岡本硝子
7747,2026-11-13,朝日インテック
7769,2026-11-13,リズム
7771,2026-11-13,日本精密
7780,2026-11-13,メニコン
7782,2026-11-13,シンシア
7800,2026-11-13,アミファ
7809,2026-11-13,壽屋
7812,2026-11-13,クレステック
7814,2026-11-13,日本創発グループ
7821,2026-11-13,前田工繊
7823,2026-11-13,アートネイチャー
7836,2026-11-13,アビックス
7839,2026-11-13,ＳＨＯＥＩ
7863,2026-11-13,平賀
7871,2026-11-13,フクビ化学工業
7874,2026-11-13,レック
7875,2026-11-13,竹田ｉＰホールディングス
7886,2026-11-13,ヤマト　モビリティ　＆　Ｍｆｇ．
7911,2026-11-13,ＴＯＰＰＡＮホールディングス
7912,2026-11-13,大日本印刷
7916,2026-11-13,光村印刷
7936,2026-11-13,アシックス
7953,2026-11-13,菊水化学工業
7957,2026-11-13,フジコピアン
7992,2026-11-13,セーラー万年筆
8025,2026-11-13,ツカモトコーポレーション
8030,2026-11-13,中央魚類
8039,2026-11-13,築地魚市場
8040,2026-11-13,東京ソワール
8070,2026-11-13,東京産業
8074,2026-11-13,ＹＵＡＳＡ
8089,2026-11-13,ナイス
8115,2026-11-13,ムーンバット
8117,2026-11-13,中央自動車工業
8123,2026-11-13,川辺
8130,2026-11-13,サンゲツ
8153,2026-11-13,モスフードサービス
8202,2026-11-13,ラオックスホールディングス
8253,2026-11-13,クレディセゾン
8281,2026-11-13,ゼビオホールディングス
8291,2026-11-13,日産東京販売ホールディングス
8316,2026-11-13,三井住友フィナンシャルグループ
8343,2026-11-13,秋田銀行
8344,2026-11-13,山形銀行
8349,2026-11-13,東北銀行
8360,2026-11-13,山梨中央銀行
8361,2026-11-13,大垣共立銀行
8362,2026-11-13,福井銀行
8364,2026-11-13,清水銀行
8366,2026-11-13,滋賀銀行
8383,2026-11-13,鳥取銀行
8388,2026-11-13,阿波銀行
8411,2026-11-13,みずほフィナンシャルグループ
8418,2026-11-13,山口フィナンシャルグループ
8508,2026-11-13,Ｊトラスト
8518,2026-11-13,日本アジア投資
8522,2026-11-13,名古屋銀行
8524,2026-11-13,北洋銀行
8537,2026-11-13,大光銀行
8563,2026-11-13,大東銀行
8600,2026-11-13,トモニホールディングス
8713,2026-11-13,フィデアホールディングス
8714,2026-11-13,池田泉州ホールディングス
8746,2026-11-13,ｕｎｂａｎｋｅｄ
8750,2026-11-13,第一ライフグループ
8769,2026-11-13,アドバンテッジリスクマネジメント
8795,2026-11-13,Ｔ＆Ｄホールディングス
8798,2026-11-13,アドバンスクリエイト
8836,2026-11-13,ＲＩＳＥ
8848,2026-11-13,レオパレス２１
8938,2026-11-13,グローム・ホールディングス
8944,2026-11-13,ランドビジネス
8995,2026-11-13,誠建設工業
9033,2026-11-13,広島電鉄
9036,2026-11-13,東部ネットワーク
9041,2026-11-13,近鉄グループホールディングス
9145,2026-11-13,ビーイングホールディングス
9159,2026-11-13,Ｗ　ＴＯＫＹＯ
9160,2026-11-13,オンザページ
9165,2026-11-13,クオルテック
9211,2026-11-13,エフ・コード
9218,2026-11-13,メンタルヘルステクノロジーズ
9220,2026-11-13,エフビー介護サービス
9225,2026-11-13,ブリッジコンサルティンググループ
9233,2026-11-13,アジア航測
9244,2026-11-13,デジタリフト
9245,2026-11-13,リベロ
9247,2026-11-13,ＴＲＥホールディングス
9249,2026-11-13,日本エコシステム
9254,2026-11-13,ラバブルマーケティンググループ
9258,2026-11-13,ＣＳ－Ｃ
9327,2026-11-13,イー・ロジット
9330,2026-11-13,揚羽
9337,2026-11-13,トリドリ
9341,2026-11-13,ＧＥＮＯＶＡ
9342,2026-11-13,スマサポ
9344,2026-11-13,アクシスコンサルティング
9345,2026-11-13,ビズメイツ
9346,2026-11-13,ココルポート
9348,2026-11-13,ｉｓｐａｃｅ
9416,2026-11-13,ビジョン
9417,2026-11-13,スマートバリュー
9423,2026-11-13,フォーバル・リアルストレート
9428,2026-11-13,クロップス
9446,2026-11-13,サカイホールディングス
9449,2026-11-13,ＧＭＯインターネットグループ
9450,2026-11-13,ファイバーゲート
9466,2026-11-13,アイドママーケティングコミュニケーション
9467,2026-11-13,アルファポリス
9470,2026-11-13,学研ホールディングス
9552,2026-11-13,クオンツ総研ホールディングス
9553,2026-11-13,マイクロアド
9554,2026-11-13,ＡＶｉＣ
9557,2026-11-13,エアークローゼット
9561,2026-11-13,グラッドキューブ
9563,2026-11-13,Ａｔｌａｓ　Ｔｅｃｈｎｏｌｏｇｉｅｓ
9565,2026-11-13,ＧＬＯＥ
9605,2026-11-13,東映
9610,2026-11-13,ウィルソン・ラーニング　ワールドワイド
9612,2026-11-13,ラックランド
9658,2026-11-13,ビジネスブレイン太田昭和
9672,2026-11-13,東京都競馬
9713,2026-11-13,ロイヤルホテル
9723,2026-11-13,京都ホテル
9760,2026-11-13,進学会ホールディングス
9790,2026-11-13,福井コンピュータホールディングス
9823,2026-11-13,マミーマートホールディングス
9843,2026-11-13,ニトリホールディングス
9856,2026-11-13,ケーユーホールディングス
9887,2026-11-13,松屋フーズホールディングス
9930,2026-11-13,北沢産業
9941,2026-11-13,太洋物産
9989,2026-11-13,サンドラッグ
2134,2026-11-16,北浜キャピタルパートナーズ
2158,2026-11-16,ＦＲＯＮＴＥＯ
264A,2026-11-16,Ｓｃｈｏｏ
2673,2026-11-16,夢みつけ隊
3076,2026-11-16,あい　ホールディングス
3323,2026-11-16,レカム
3900,2026-11-16,クラウドワークス
3904,2026-11-16,カヤック
3909,2026-11-16,ショーケース
3983,2026-11-16,オロ
4031,2026-11-16,片倉コープアグリ
4346,2026-11-16,ＮＥＸＹＺ．Ｇｒｏｕｐ
4376,2026-11-16,くふうカンパニーホールディングス
4393,2026-11-16,バンク・オブ・イノベーション
4651,2026-11-16,サニックスホールディングス
4754,2026-11-16,トスネット
476A,2026-11-16,辻・本郷ＩＴコンサルティング
478A,2026-11-16,フツパー
5010,2026-11-16,日本精蝋
5105,2026-11-16,ＴＯＹＯ　ＴＩＲＥ
5582,2026-11-16,グリッド
6039,2026-11-16,日本動物高度医療センター
6176,2026-11-16,ブランジスタ
6276,2026-11-16,シリウスビジョン
6343,2026-11-16,フリージア・マクロス
6561,2026-11-16,ＨＡＮＡＴＯＵＲ　ＪＡＰＡＮ
6571,2026-11-16,キュービーネットホールディングス
6659,2026-11-16,メディアリンクス
6721,2026-11-16,ウインテスト
7033,2026-11-16,マネジメントソリューションズ
7047,2026-11-16,ポート
7112,2026-11-16,キューブ
7256,2026-11-16,河西工業
7273,2026-11-16,イクヨ
7781,2026-11-16,平山ホールディングス
8179,2026-11-16,ロイヤルホールディングス
8737,2026-11-16,あかつき本社
8952,2026-11-16,ジャパンリアルエステイト投資法人
9212,2026-11-16,Ｇｒｅｅｎ　Ｅａｒｔｈ　Ｉｎｓｔｉｔｕｔｅ
8630,2026-11-19,ＳＯＭＰＯホールディングス
8725,2026-11-19,ＭＳ＆ＡＤインシュアランスグループホールディングス
8766,2026-11-19,東京海上ホールディングス
8986,2026-11-19,大和証券リビング投資法人
