date,code,name,stage,reason
2026-07-18,1909,日本ドライケミカル,TOB疑い,46営業日前に単日+21%の急騰後、変動率が平常時の19%に急低下(公開買付/M&A等で価格が固定されている疑い・要確認)
2026-07-18,3480,ジェイ・エス・ビー,TOB疑い,直近20営業日の変動率が、それ以前60営業日の1%まで持続的に低下(単日ジャンプは観測窓内で未検出だが、MBO/TOB等で価格が固定されている疑い・要確認)
2026-07-18,8283,ＰＡＬＴＡＣ,TOB疑い,47営業日前に単日+17%の急騰後、変動率が平常時の27%に急低下(公開買付/M&A等で価格が固定されている疑い・要確認)
2026-07-18,1407,ウエストホールディングス,リスク幅,リスク幅9.9%が上限8%超
2026-07-18,325A,ＴＥＮＴＩＡＬ,リスク幅,リスク幅9.9%が上限8%超
2026-07-18,3697,ＳＨＩＦＴ,リスク幅,リスク幅9.7%が上限8%超
2026-07-18,3994,マネーフォワード,リスク幅,リスク幅10.2%が上限8%超
2026-07-18,4187,大阪有機化学工業,リスク幅,リスク幅10.8%が上限8%超
2026-07-18,4259,エクサウィザーズ,リスク幅,リスク幅14.5%が上限8%超
2026-07-18,4443,Ｓａｎｓａｎ,リスク幅,リスク幅9.0%が上限8%超
2026-07-18,4889,レナサイエンス,リスク幅,リスク幅14.7%が上限8%超
2026-07-18,5074,テスホールディングス,リスク幅,リスク幅19.4%が上限8%超
2026-07-18,6146,ディスコ,高ボラ除外,VI代理>30かつ前夜SOX非反発のため値がさ大型を新規候補から除外
2026-07-18,6323,ローツェ,リスク幅,リスク幅15.4%が上限8%超
2026-07-18,6474,不二越,リスク幅,リスク幅10.3%が上限8%超
2026-07-18,6532,ベイカレント,リスク幅,リスク幅8.6%が上限8%超
2026-07-18,6617,東光高岳,リスク幅,リスク幅9.7%が上限8%超
2026-07-18,6814,古野電気,リスク幅,リスク幅9.1%が上限8%超
2026-07-18,6857,アドバンテスト,高ボラ除外,VI代理>30かつ前夜SOX非反発のため値がさ大型を新規候補から除外
2026-07-18,6920,レーザーテック,高ボラ除外,VI代理>30かつ前夜SOX非反発のため値がさ大型を新規候補から除外
2026-07-18,8035,東京エレクトロン,高ボラ除外,VI代理>30かつ前夜SOX非反発のため値がさ大型を新規候補から除外
2026-07-18,9984,ソフトバンクグループ,高ボラ除外,VI代理>30かつ前夜SOX非反発のため値がさ大型を新規候補から除外
2026-07-18,4819,デジタルガレージ,セクター分散,同一業種(情報・通信業)は2銘柄まで → 次点
2026-07-20,1909,日本ドライケミカル,TOB疑い,46営業日前に単日+21%の急騰後、変動率が平常時の19%に急低下(公開買付/M&A等で価格が固定されている疑い・要確認)
2026-07-20,3480,ジェイ・エス・ビー,TOB疑い,直近20営業日の変動率が、それ以前60営業日の1%まで持続的に低下(単日ジャンプは観測窓内で未検出だが、MBO/TOB等で価格が固定されている疑い・要確認)
2026-07-20,8283,ＰＡＬＴＡＣ,TOB疑い,47営業日前に単日+17%の急騰後、変動率が平常時の27%に急低下(公開買付/M&A等で価格が固定されている疑い・要確認)
2026-07-20,1407,ウエストホールディングス,リスク幅,リスク幅9.9%が上限8%超
2026-07-20,325A,ＴＥＮＴＩＡＬ,リスク幅,リスク幅9.9%が上限8%超
2026-07-20,3697,ＳＨＩＦＴ,リスク幅,リスク幅9.7%が上限8%超
2026-07-20,3994,マネーフォワード,リスク幅,リスク幅10.2%が上限8%超
2026-07-20,4187,大阪有機化学工業,リスク幅,リスク幅10.8%が上限8%超
2026-07-20,4259,エクサウィザーズ,リスク幅,リスク幅14.5%が上限8%超
2026-07-20,4443,Ｓａｎｓａｎ,リスク幅,リスク幅9.0%が上限8%超
2026-07-20,4889,レナサイエンス,リスク幅,リスク幅14.7%が上限8%超
2026-07-20,5074,テスホールディングス,リスク幅,リスク幅19.4%が上限8%超
2026-07-20,6146,ディスコ,高ボラ除外,VI代理>30かつ前夜SOX非反発のため値がさ大型を新規候補から除外
2026-07-20,6323,ローツェ,リスク幅,リスク幅15.4%が上限8%超
2026-07-20,6474,不二越,リスク幅,リスク幅10.3%が上限8%超
2026-07-20,6532,ベイカレント,リスク幅,リスク幅8.6%が上限8%超
2026-07-20,6617,東光高岳,リスク幅,リスク幅9.7%が上限8%超
2026-07-20,6814,古野電気,リスク幅,リスク幅9.1%が上限8%超
2026-07-20,6857,アドバンテスト,高ボラ除外,VI代理>30かつ前夜SOX非反発のため値がさ大型を新規候補から除外
2026-07-20,6920,レーザーテック,高ボラ除外,VI代理>30かつ前夜SOX非反発のため値がさ大型を新規候補から除外
2026-07-20,8035,東京エレクトロン,高ボラ除外,VI代理>30かつ前夜SOX非反発のため値がさ大型を新規候補から除外
2026-07-20,9984,ソフトバンクグループ,高ボラ除外,VI代理>30かつ前夜SOX非反発のため値がさ大型を新規候補から除外
2026-07-20,4819,デジタルガレージ,セクター分散,同一業種(情報・通信業)は2銘柄まで → 次点
2026-07-20,1909,日本ドライケミカル,TOB疑い,46営業日前に単日+21%の急騰後、変動率が平常時の19%に急低下(公開買付/M&A等で価格が固定されている疑い・要確認)
2026-07-20,285A,キオクシアホールディングス,価格上限,"株価52,110円が上限20,000円超(1単元521万円)"
2026-07-20,3480,ジェイ・エス・ビー,TOB疑い,直近20営業日の変動率が、それ以前60営業日の1%まで持続的に低下(単日ジャンプは観測窓内で未検出だが、MBO/TOB等で価格が固定されている疑い・要確認)
2026-07-20,4966,上村工業,価格上限,"株価23,000円が上限20,000円超(1単元230万円)"
2026-07-20,5344,ＭＡＲＵＷＡ,価格上限,"株価54,630円が上限20,000円超(1単元546万円)"
2026-07-20,5706,三井金属,価格上限,"株価29,980円が上限20,000円超(1単元300万円)"
2026-07-20,6146,ディスコ,価格上限,"株価64,780円が上限20,000円超(1単元648万円)"
2026-07-20,6273,ＳＭＣ,価格上限,"株価69,230円が上限20,000円超(1単元692万円)"
2026-07-20,6367,ダイキン工業,価格上限,"株価24,500円が上限20,000円超(1単元245万円)"
2026-07-20,6787,メイコー,価格上限,"株価22,630円が上限20,000円超(1単元226万円)"
2026-07-20,6806,ヒロセ電機,価格上限,"株価26,510円が上限20,000円超(1単元265万円)"
2026-07-20,6856,堀場製作所,価格上限,"株価25,495円が上限20,000円超(1単元255万円)"
2026-07-20,6857,アドバンテスト,価格上限,"株価27,505円が上限20,000円超(1単元275万円)"
2026-07-20,6861,キーエンス,価格上限,"株価70,880円が上限20,000円超(1単元709万円)"
2026-07-20,6920,レーザーテック,価格上限,"株価41,890円が上限20,000円超(1単元419万円)"
2026-07-20,8035,東京エレクトロン,価格上限,"株価65,100円が上限20,000円超(1単元651万円)"
2026-07-20,9435,光通信,価格上限,"株価36,950円が上限20,000円超(1単元370万円)"
2026-07-20,9983,ファーストリテイリング,価格上限,"株価78,840円が上限20,000円超(1単元788万円)"
2026-07-20,325A,ＴＥＮＴＩＡＬ,ゾーン不成立,リスク上限1.5ATRでゾーンが成立しない
2026-07-20,3994,マネーフォワード,ゾーン不成立,現値がすでにゾーン下端を下回る(構造が否定されつつある)
2026-07-20,4092,日本化学工業,ゾーン不成立,現値がすでにゾーン下端を下回る(構造が否定されつつある)
2026-07-20,6532,ベイカレント,ゾーン不成立,現値がすでにゾーン下端を下回る(構造が否定されつつある)
2026-07-20,7389,あいちフィナンシャルグループ,ゾーン不成立,現値がすでにゾーン下端を下回る(構造が否定されつつある)
2026-07-20,9001,東武鉄道,ゾーン不成立,リスク上限1.5ATRでゾーンが成立しない
2026-07-20,9984,ソフトバンクグループ,高ボラ除外,VI代理>30かつ前夜SOX非反発のため値がさ大型を除外
2026-07-20,4722,フューチャー,セクター分散,同一業種(情報・通信業)は2件まで
2026-07-20,1909,日本ドライケミカル,TOB疑い,46営業日前に単日+21%の急騰後、変動率が平常時の19%に急低下(公開買付/M&A等で価格が固定されている疑い・要確認)
2026-07-20,285A,キオクシアホールディングス,価格上限,"株価52,110円が上限20,000円超(1単元521万円)"
2026-07-20,3480,ジェイ・エス・ビー,TOB疑い,直近20営業日の変動率が、それ以前60営業日の1%まで持続的に低下(単日ジャンプは観測窓内で未検出だが、MBO/TOB等で価格が固定されている疑い・要確認)
2026-07-20,4966,上村工業,価格上限,"株価23,000円が上限20,000円超(1単元230万円)"
2026-07-20,5344,ＭＡＲＵＷＡ,価格上限,"株価54,630円が上限20,000円超(1単元546万円)"
2026-07-20,5706,三井金属,価格上限,"株価29,980円が上限20,000円超(1単元300万円)"
2026-07-20,6146,ディスコ,価格上限,"株価64,780円が上限20,000円超(1単元648万円)"
2026-07-20,6273,ＳＭＣ,価格上限,"株価69,230円が上限20,000円超(1単元692万円)"
2026-07-20,6367,ダイキン工業,価格上限,"株価24,500円が上限20,000円超(1単元245万円)"
2026-07-20,6787,メイコー,価格上限,"株価22,630円が上限20,000円超(1単元226万円)"
2026-07-20,6806,ヒロセ電機,価格上限,"株価26,510円が上限20,000円超(1単元265万円)"
2026-07-20,6856,堀場製作所,価格上限,"株価25,495円が上限20,000円超(1単元255万円)"
2026-07-20,6857,アドバンテスト,価格上限,"株価27,505円が上限20,000円超(1単元275万円)"
2026-07-20,6861,キーエンス,価格上限,"株価70,880円が上限20,000円超(1単元709万円)"
2026-07-20,6920,レーザーテック,価格上限,"株価41,890円が上限20,000円超(1単元419万円)"
2026-07-20,7741,ＨＯＹＡ,価格上限,"株価25,215円が上限20,000円超(1単元252万円)"
2026-07-20,8035,東京エレクトロン,価格上限,"株価65,100円が上限20,000円超(1単元651万円)"
2026-07-20,8283,ＰＡＬＴＡＣ,TOB疑い,47営業日前に単日+17%の急騰後、変動率が平常時の27%に急低下(公開買付/M&A等で価格が固定されている疑い・要確認)
2026-07-20,9435,光通信,価格上限,"株価36,950円が上限20,000円超(1単元370万円)"
2026-07-20,9983,ファーストリテイリング,価格上限,"株価78,840円が上限20,000円超(1単元788万円)"
2026-07-20,325A,ＴＥＮＴＩＡＬ,ゾーン不成立,リスク上限1.5ATRでゾーンが成立しない
2026-07-20,3994,マネーフォワード,ゾーン不成立,現値がすでにゾーン下端を下回る(構造が否定されつつある)
2026-07-20,4092,日本化学工業,ゾーン不成立,現値がすでにゾーン下端を下回る(構造が否定されつつある)
2026-07-20,6532,ベイカレント,ゾーン不成立,現値がすでにゾーン下端を下回る(構造が否定されつつある)
2026-07-20,7389,あいちフィナンシャルグループ,ゾーン不成立,現値がすでにゾーン下端を下回る(構造が否定されつつある)
2026-07-20,9001,東武鉄道,ゾーン不成立,リスク上限1.5ATRでゾーンが成立しない
2026-07-20,9984,ソフトバンクグループ,高ボラ除外,VI代理>30かつ前夜SOX非反発のため値がさ大型を除外
2026-07-20,4722,フューチャー,セクター分散,同一業種(情報・通信業)は2件まで
2026-07-21,1909,日本ドライケミカル,TOB疑い,46営業日前に単日+21%の急騰後、変動率が平常時の19%に急低下(公開買付/M&A等で価格が固定されている疑い・要確認)
2026-07-21,285A,キオクシアホールディングス,価格上限,"株価52,110円が上限20,000円超(1単元521万円)"
2026-07-21,3480,ジェイ・エス・ビー,TOB疑い,直近20営業日の変動率が、それ以前60営業日の1%まで持続的に低下(単日ジャンプは観測窓内で未検出だが、MBO/TOB等で価格が固定されている疑い・要確認)
2026-07-21,4966,上村工業,価格上限,"株価23,000円が上限20,000円超(1単元230万円)"
2026-07-21,5344,ＭＡＲＵＷＡ,価格上限,"株価54,630円が上限20,000円超(1単元546万円)"
2026-07-21,5706,三井金属,価格上限,"株価29,980円が上限20,000円超(1単元300万円)"
2026-07-21,6146,ディスコ,価格上限,"株価64,780円が上限20,000円超(1単元648万円)"
2026-07-21,6273,ＳＭＣ,価格上限,"株価69,230円が上限20,000円超(1単元692万円)"
2026-07-21,6367,ダイキン工業,価格上限,"株価24,500円が上限20,000円超(1単元245万円)"
2026-07-21,6856,堀場製作所,価格上限,"株価25,495円が上限20,000円超(1単元255万円)"
2026-07-21,6861,キーエンス,価格上限,"株価70,880円が上限20,000円超(1単元709万円)"
2026-07-21,6920,レーザーテック,価格上限,"株価41,890円が上限20,000円超(1単元419万円)"
2026-07-21,8035,東京エレクトロン,価格上限,"株価65,100円が上限20,000円超(1単元651万円)"
2026-07-21,8283,ＰＡＬＴＡＣ,TOB疑い,47営業日前に単日+17%の急騰後、変動率が平常時の27%に急低下(公開買付/M&A等で価格が固定されている疑い・要確認)
2026-07-21,9983,ファーストリテイリング,価格上限,"株価78,840円が上限20,000円超(1単元788万円)"
2026-07-21,325A,ＴＥＮＴＩＡＬ,ゾーン不成立,リスク上限1.5ATRでゾーンが成立しない
2026-07-21,3994,マネーフォワード,ゾーン不成立,現値がすでにゾーン下端を下回る(構造が否定されつつある)
2026-07-21,4092,日本化学工業,ゾーン不成立,現値がすでにゾーン下端を下回る(構造が否定されつつある)
2026-07-21,9984,ソフトバンクグループ,高ボラ除外,VI代理>30かつ前夜SOX非反発のため値がさ大型を除外
2026-07-21,4722,フューチャー,セクター分散,同一業種(情報・通信業)は2件まで
2026-07-21,1909,日本ドライケミカル,TOB疑い,46営業日前に単日+21%の急騰後、変動率が平常時の19%に急低下(公開買付/M&A等で価格が固定されている疑い・要確認)
2026-07-21,285A,キオクシアホールディングス,価格上限,"株価52,110円が上限20,000円超(1単元521万円)"
2026-07-21,3480,ジェイ・エス・ビー,TOB疑い,直近20営業日の変動率が、それ以前60営業日の1%まで持続的に低下(単日ジャンプは観測窓内で未検出だが、MBO/TOB等で価格が固定されている疑い・要確認)
2026-07-21,4966,上村工業,価格上限,"株価23,000円が上限20,000円超(1単元230万円)"
2026-07-21,5344,ＭＡＲＵＷＡ,価格上限,"株価54,630円が上限20,000円超(1単元546万円)"
2026-07-21,5706,三井金属,価格上限,"株価29,980円が上限20,000円超(1単元300万円)"
2026-07-21,6146,ディスコ,価格上限,"株価64,780円が上限20,000円超(1単元648万円)"
2026-07-21,6273,ＳＭＣ,価格上限,"株価69,230円が上限20,000円超(1単元692万円)"
2026-07-21,6367,ダイキン工業,価格上限,"株価24,500円が上限20,000円超(1単元245万円)"
2026-07-21,6787,メイコー,価格上限,"株価22,630円が上限20,000円超(1単元226万円)"
2026-07-21,6806,ヒロセ電機,価格上限,"株価26,510円が上限20,000円超(1単元265万円)"
2026-07-21,6856,堀場製作所,価格上限,"株価25,495円が上限20,000円超(1単元255万円)"
2026-07-21,6857,アドバンテスト,価格上限,"株価27,505円が上限20,000円超(1単元275万円)"
2026-07-21,6861,キーエンス,価格上限,"株価70,880円が上限20,000円超(1単元709万円)"
2026-07-21,6920,レーザーテック,価格上限,"株価41,890円が上限20,000円超(1単元419万円)"
2026-07-21,7741,ＨＯＹＡ,価格上限,"株価25,215円が上限20,000円超(1単元252万円)"
2026-07-21,8035,東京エレクトロン,価格上限,"株価65,100円が上限20,000円超(1単元651万円)"
2026-07-21,8283,ＰＡＬＴＡＣ,TOB疑い,47営業日前に単日+17%の急騰後、変動率が平常時の27%に急低下(公開買付/M&A等で価格が固定されている疑い・要確認)
2026-07-21,9435,光通信,価格上限,"株価36,950円が上限20,000円超(1単元370万円)"
2026-07-21,9983,ファーストリテイリング,価格上限,"株価78,840円が上限20,000円超(1単元788万円)"
2026-07-21,325A,ＴＥＮＴＩＡＬ,ゾーン不成立,リスク上限1.5ATRでゾーンが成立しない
2026-07-21,3994,マネーフォワード,ゾーン不成立,現値がすでにゾーン下端を下回る(構造が否定されつつある)
2026-07-21,4092,日本化学工業,ゾーン不成立,現値がすでにゾーン下端を下回る(構造が否定されつつある)
2026-07-21,6532,ベイカレント,ゾーン不成立,現値がすでにゾーン下端を下回る(構造が否定されつつある)
2026-07-21,7389,あいちフィナンシャルグループ,ゾーン不成立,現値がすでにゾーン下端を下回る(構造が否定されつつある)
2026-07-21,9001,東武鉄道,ゾーン不成立,リスク上限1.5ATRでゾーンが成立しない
2026-07-21,9984,ソフトバンクグループ,高ボラ除外,VI代理>30かつ前夜SOX非反発のため値がさ大型を除外
2026-07-21,4722,フューチャー,セクター分散,同一業種(情報・通信業)は2件まで
2026-07-21,1909,日本ドライケミカル,TOB疑い,47営業日前に単日+21%の急騰後、変動率が平常時の19%に急低下(公開買付/M&A等で価格が固定されている疑い・要確認)
2026-07-21,2371,カカクコム,TOB疑い,直近20営業日の変動率が、それ以前60営業日の25%まで持続的に低下(単日ジャンプは観測窓内で未検出だが、MBO/TOB等で価格が固定されている疑い・要確認)
2026-07-21,285A,キオクシアホールディングス,価格上限,"株価60,520円が上限20,000円超(1単元605万円)"
2026-07-21,3480,ジェイ・エス・ビー,TOB疑い,直近20営業日の変動率が、それ以前60営業日の1%まで持続的に低下(単日ジャンプは観測窓内で未検出だが、MBO/TOB等で価格が固定されている疑い・要確認)
2026-07-21,4966,上村工業,価格上限,"株価24,060円が上限20,000円超(1単元241万円)"
2026-07-21,5202,日本板硝子,TOB疑い,80営業日前に単日+18%の急騰後、変動率が平常時の13%に急低下(公開買付/M&A等で価格が固定されている疑い・要確認)
2026-07-21,5344,ＭＡＲＵＷＡ,価格上限,"株価56,440円が上限20,000円超(1単元564万円)"
2026-07-21,5706,三井金属,価格上限,"株価30,850円が上限20,000円超(1単元308万円)"
2026-07-21,6273,ＳＭＣ,価格上限,"株価70,170円が上限20,000円超(1単元702万円)"
2026-07-21,6367,ダイキン工業,価格上限,"株価24,535円が上限20,000円超(1単元245万円)"
2026-07-21,6787,メイコー,価格上限,"株価23,400円が上限20,000円超(1単元234万円)"
2026-07-21,6806,ヒロセ電機,価格上限,"株価26,910円が上限20,000円超(1単元269万円)"
2026-07-21,6856,堀場製作所,価格上限,"株価26,795円が上限20,000円超(1単元268万円)"
2026-07-21,6857,アドバンテスト,価格上限,"株価29,565円が上限20,000円超(1単元296万円)"
2026-07-21,6861,キーエンス,価格上限,"株価72,290円が上限20,000円超(1単元723万円)"
2026-07-21,6920,レーザーテック,価格上限,"株価42,100円が上限20,000円超(1単元421万円)"
2026-07-21,9435,光通信,価格上限,"株価37,600円が上限20,000円超(1単元376万円)"
2026-07-21,9983,ファーストリテイリング,価格上限,"株価80,110円が上限20,000円超(1単元801万円)"
2026-07-21,9984,ソフトバンクグループ,高ボラ除外,VI代理>30かつ前夜SOX非反発のため値がさ大型を除外
2026-07-21,3697,ＳＨＩＦＴ,相関集中,同一ギャップ日(2026-07-17)は2件まで
2026-07-21,1909,日本ドライケミカル,TOB疑い,47営業日前に単日+21%の急騰後、変動率が平常時の19%に急低下(公開買付/M&A等で価格が固定されている疑い・要確認)
2026-07-21,2371,カカクコム,TOB疑い,直近20営業日の変動率が、それ以前60営業日の25%まで持続的に低下(単日ジャンプは観測窓内で未検出だが、MBO/TOB等で価格が固定されている疑い・要確認)
2026-07-21,285A,キオクシアホールディングス,価格上限,"株価61,060円が上限20,000円超(1単元611万円)"
2026-07-21,3480,ジェイ・エス・ビー,TOB疑い,直近20営業日の変動率が、それ以前60営業日の2%まで持続的に低下(単日ジャンプは観測窓内で未検出だが、MBO/TOB等で価格が固定されている疑い・要確認)
2026-07-21,4966,上村工業,価格上限,"株価23,980円が上限20,000円超(1単元240万円)"
2026-07-21,5202,日本板硝子,TOB疑い,80営業日前に単日+18%の急騰後、変動率が平常時の13%に急低下(公開買付/M&A等で価格が固定されている疑い・要確認)
2026-07-21,5344,ＭＡＲＵＷＡ,価格上限,"株価56,470円が上限20,000円超(1単元565万円)"
2026-07-21,5706,三井金属,価格上限,"株価31,290円が上限20,000円超(1単元313万円)"
2026-07-21,6146,ディスコ,価格上限,"株価66,840円が上限20,000円超(1単元668万円)"
2026-07-21,6273,ＳＭＣ,価格上限,"株価70,460円が上限20,000円超(1単元705万円)"
2026-07-21,6787,メイコー,価格上限,"株価23,530円が上限20,000円超(1単元235万円)"
2026-07-21,6806,ヒロセ電機,価格上限,"株価27,080円が上限20,000円超(1単元271万円)"
2026-07-21,6856,堀場製作所,価格上限,"株価26,895円が上限20,000円超(1単元269万円)"
2026-07-21,6857,アドバンテスト,価格上限,"株価29,630円が上限20,000円超(1単元296万円)"
2026-07-21,6861,キーエンス,価格上限,"株価71,960円が上限20,000円超(1単元720万円)"
2026-07-21,8035,東京エレクトロン,価格上限,"株価66,570円が上限20,000円超(1単元666万円)"
2026-07-21,8283,ＰＡＬＴＡＣ,TOB疑い,48営業日前に単日+17%の急騰後、変動率が平常時の27%に急低下(公開買付/M&A等で価格が固定されている疑い・要確認)
2026-07-21,9435,光通信,価格上限,"株価37,650円が上限20,000円超(1単元376万円)"
2026-07-21,9983,ファーストリテイリング,価格上限,"株価80,840円が上限20,000円超(1単元808万円)"
2026-07-21,7867,タカラトミー,ゾーン不成立,リスク上限1.5ATRでゾーンが成立しない
2026-07-21,9065,山九,ゾーン不成立,リスク上限1.5ATRでゾーンが成立しない
2026-07-21,9984,ソフトバンクグループ,高ボラ除外,VI代理>30かつ前夜SOX非反発のため値がさ大型を除外
2026-07-21,3697,ＳＨＩＦＴ,相関集中,同一ギャップ日(2026-07-17)は2件まで
2026-07-21,4722,フューチャー,相関集中,材料反応は3件まで
2026-07-21,7322,三十三フィナンシャルグループ,相関集中,材料反応は3件まで
2026-07-21,9831,ヤマダホールディングス,相関集中,材料反応は3件まで
2026-07-22,1909,日本ドライケミカル,TOB疑い,47営業日前に単日+21%の急騰後、変動率が平常時の19%に急低下(公開買付/M&A等で価格が固定されている疑い・要確認)
2026-07-22,2371,カカクコム,TOB疑い,直近20営業日の変動率が、それ以前60営業日の25%まで持続的に低下(単日ジャンプは観測窓内で未検出だが、MBO/TOB等で価格が固定されている疑い・要確認)
2026-07-22,285A,キオクシアホールディングス,価格上限,"株価61,060円が上限20,000円超(1単元611万円)"
2026-07-22,3480,ジェイ・エス・ビー,TOB疑い,直近20営業日の変動率が、それ以前60営業日の2%まで持続的に低下(単日ジャンプは観測窓内で未検出だが、MBO/TOB等で価格が固定されている疑い・要確認)
2026-07-22,4966,上村工業,価格上限,"株価23,980円が上限20,000円超(1単元240万円)"
2026-07-22,5344,ＭＡＲＵＷＡ,価格上限,"株価56,470円が上限20,000円超(1単元565万円)"
2026-07-22,5706,三井金属,価格上限,"株価31,290円が上限20,000円超(1単元313万円)"
2026-07-22,6146,ディスコ,価格上限,"株価66,840円が上限20,000円超(1単元668万円)"
2026-07-22,6856,堀場製作所,価格上限,"株価26,895円が上限20,000円超(1単元269万円)"
2026-07-22,6861,キーエンス,価格上限,"株価71,960円が上限20,000円超(1単元720万円)"
2026-07-22,6920,レーザーテック,価格上限,"株価42,670円が上限20,000円超(1単元427万円)"
2026-07-22,7741,ＨＯＹＡ,価格上限,"株価25,450円が上限20,000円超(1単元254万円)"
2026-07-22,8035,東京エレクトロン,価格上限,"株価66,570円が上限20,000円超(1単元666万円)"
2026-07-22,8283,ＰＡＬＴＡＣ,TOB疑い,48営業日前に単日+17%の急騰後、変動率が平常時の27%に急低下(公開買付/M&A等で価格が固定されている疑い・要確認)
2026-07-22,9435,光通信,価格上限,"株価37,650円が上限20,000円超(1単元376万円)"
2026-07-22,9983,ファーストリテイリング,価格上限,"株価80,840円が上限20,000円超(1単元808万円)"
2026-07-22,7867,タカラトミー,ゾーン不成立,リスク上限1.5ATRでゾーンが成立しない
2026-07-22,9065,山九,ゾーン不成立,リスク上限1.5ATRでゾーンが成立しない
2026-07-22,9075,福山通運,ゾーン不成立,現値がすでにゾーン下端を下回る(構造が否定されつつある)
2026-07-22,3697,ＳＨＩＦＴ,相関集中,同一ギャップ日(2026-07-17)は2件まで
2026-07-22,4722,フューチャー,相関集中,材料反応は3件まで
2026-07-22,7322,三十三フィナンシャルグループ,相関集中,材料反応は3件まで
2026-07-22,7389,あいちフィナンシャルグループ,相関集中,材料反応は3件まで
2026-07-22,8386,百十四銀行,相関集中,材料反応は3件まで
2026-07-22,9831,ヤマダホールディングス,相関集中,材料反応は3件まで
2026-07-22,1909,日本ドライケミカル,TOB疑い,48営業日前に単日+21%の急騰後、変動率が平常時の18%に急低下(公開買付/M&A等で価格が固定されている疑い・要確認)
2026-07-22,285A,キオクシアホールディングス,価格上限,"株価67,110円が上限20,000円超(1単元671万円)"
2026-07-22,3480,ジェイ・エス・ビー,TOB疑い,直近20営業日の変動率が、それ以前60営業日の2%まで持続的に低下(単日ジャンプは観測窓内で未検出だが、MBO/TOB等で価格が固定されている疑い・要確認)
2026-07-22,4966,上村工業,価格上限,"株価24,630円が上限20,000円超(1単元246万円)"
2026-07-22,5202,日本板硝子,TOB疑い,81営業日前に単日+18%の急騰後、変動率が平常時の12%に急低下(公開買付/M&A等で価格が固定されている疑い・要確認)
2026-07-22,5344,ＭＡＲＵＷＡ,価格上限,"株価59,800円が上限20,000円超(1単元598万円)"
2026-07-22,5706,三井金属,価格上限,"株価34,560円が上限20,000円超(1単元346万円)"
2026-07-22,6146,ディスコ,価格上限,"株価69,530円が上限20,000円超(1単元695万円)"
2026-07-22,6273,ＳＭＣ,価格上限,"株価72,360円が上限20,000円超(1単元724万円)"
2026-07-22,6367,ダイキン工業,価格上限,"株価24,355円が上限20,000円超(1単元244万円)"
2026-07-22,6787,メイコー,価格上限,"株価24,980円が上限20,000円超(1単元250万円)"
2026-07-22,6806,ヒロセ電機,価格上限,"株価28,285円が上限20,000円超(1単元283万円)"
2026-07-22,6834,精工技研,価格上限,"株価21,710円が上限20,000円超(1単元217万円)"
2026-07-22,6856,堀場製作所,価格上限,"株価27,680円が上限20,000円超(1単元277万円)"
2026-07-22,6857,アドバンテスト,価格上限,"株価30,800円が上限20,000円超(1単元308万円)"
2026-07-22,6861,キーエンス,価格上限,"株価72,950円が上限20,000円超(1単元730万円)"
2026-07-22,6920,レーザーテック,価格上限,"株価44,110円が上限20,000円超(1単元441万円)"
2026-07-22,7741,ＨＯＹＡ,価格上限,"株価25,215円が上限20,000円超(1単元252万円)"
2026-07-22,8035,東京エレクトロン,価格上限,"株価67,830円が上限20,000円超(1単元678万円)"
2026-07-22,8283,ＰＡＬＴＡＣ,TOB疑い,49営業日前に単日+17%の急騰後、変動率が平常時の26%に急低下(公開買付/M&A等で価格が固定されている疑い・要確認)
2026-07-22,9435,光通信,価格上限,"株価37,020円が上限20,000円超(1単元370万円)"
2026-07-22,9983,ファーストリテイリング,価格上限,"株価77,950円が上限20,000円超(1単元780万円)"
2026-07-22,325A,ＴＥＮＴＩＡＬ,ゾーン不成立,現値がすでにゾーン下端を下回る(構造が否定されつつある)
2026-07-22,4722,フューチャー,ゾーン不成立,現値がすでにゾーン下端を下回る(構造が否定されつつある)
2026-07-22,7867,タカラトミー,ゾーン不成立,リスク上限1.5ATRでゾーンが成立しない
2026-07-22,9065,山九,ゾーン不成立,リスク上限1.5ATRでゾーンが成立しない
2026-07-22,9075,福山通運,ゾーン不成立,現値がすでにゾーン下端を下回る(構造が否定されつつある)
2026-07-22,9831,ヤマダホールディングス,ゾーン不成立,現値がすでにゾーン下端を下回る(構造が否定されつつある)
2026-07-22,7389,あいちフィナンシャルグループ,相関集中,同一ギャップ日(2026-07-21)は2件まで
2026-07-22,8386,百十四銀行,相関集中,同一ギャップ日(2026-07-21)は2件まで
2026-07-23,1909,日本ドライケミカル,TOB疑い,48営業日前に単日+21%の急騰後、変動率が平常時の18%に急低下(公開買付/M&A等で価格が固定されている疑い・要確認)
2026-07-23,2371,カカクコム,TOB疑い,直近20営業日の変動率が、それ以前60営業日の25%まで持続的に低下(単日ジャンプは観測窓内で未検出だが、MBO/TOB等で価格が固定されている疑い・要確認)
2026-07-23,285A,キオクシアホールディングス,価格上限,"株価64,270円が上限20,000円超(1単元643万円)"
2026-07-23,3480,ジェイ・エス・ビー,TOB疑い,直近20営業日の変動率が、それ以前60営業日の2%まで持続的に低下(単日ジャンプは観測窓内で未検出だが、MBO/TOB等で価格が固定されている疑い・要確認)
2026-07-23,4966,上村工業,価格上限,"株価23,910円が上限20,000円超(1単元239万円)"
2026-07-23,5202,日本板硝子,TOB疑い,81営業日前に単日+18%の急騰後、変動率が平常時の12%に急低下(公開買付/M&A等で価格が固定されている疑い・要確認)
2026-07-23,5344,ＭＡＲＵＷＡ,価格上限,"株価57,940円が上限20,000円超(1単元579万円)"
2026-07-23,5706,三井金属,価格上限,"株価33,600円が上限20,000円超(1単元336万円)"
2026-07-23,6146,ディスコ,価格上限,"株価68,590円が上限20,000円超(1単元686万円)"
2026-07-23,6787,メイコー,価格上限,"株価24,390円が上限20,000円超(1単元244万円)"
2026-07-23,6806,ヒロセ電機,価格上限,"株価28,150円が上限20,000円超(1単元282万円)"
2026-07-23,6834,精工技研,価格上限,"株価21,250円が上限20,000円超(1単元212万円)"
2026-07-23,6856,堀場製作所,価格上限,"株価27,165円が上限20,000円超(1単元272万円)"
2026-07-23,6857,アドバンテスト,価格上限,"株価29,585円が上限20,000円超(1単元296万円)"
2026-07-23,6920,レーザーテック,価格上限,"株価42,990円が上限20,000円超(1単元430万円)"
2026-07-23,7741,ＨＯＹＡ,価格上限,"株価25,045円が上限20,000円超(1単元250万円)"
2026-07-23,8035,東京エレクトロン,価格上限,"株価65,960円が上限20,000円超(1単元660万円)"
2026-07-23,8283,ＰＡＬＴＡＣ,TOB疑い,49営業日前に単日+17%の急騰後、変動率が平常時の26%に急低下(公開買付/M&A等で価格が固定されている疑い・要確認)
2026-07-23,9983,ファーストリテイリング,価格上限,"株価78,580円が上限20,000円超(1単元786万円)"
2026-07-23,2354,ＹＥ　ＤＩＧＩＴＡＬ,ゾーン不成立,現値がすでにゾーン下端を下回る(構造が否定されつつある)
2026-07-23,325A,ＴＥＮＴＩＡＬ,ゾーン不成立,現値がすでにゾーン下端を下回る(構造が否定されつつある)
2026-07-23,4722,フューチャー,ゾーン不成立,現値がすでにゾーン下端を下回る(構造が否定されつつある)
2026-07-23,7867,タカラトミー,ゾーン不成立,リスク上限1.5ATRでゾーンが成立しない
2026-07-23,8628,松井証券,ゾーン不成立,リスク上限1.5ATRでゾーンが成立しない
2026-07-23,9065,山九,ゾーン不成立,リスク上限1.5ATRでゾーンが成立しない
2026-07-23,9075,福山通運,ゾーン不成立,現値がすでにゾーン下端を下回る(構造が否定されつつある)
2026-07-23,9984,ソフトバンクグループ,高ボラ除外,VI代理>30かつ前夜SOX非反発のため値がさ大型を除外
2026-07-23,1909,日本ドライケミカル,TOB疑い,49営業日前に単日+21%の急騰後、変動率が平常時の18%に急低下(公開買付/M&A等で価格が固定されている疑い・要確認)
2026-07-23,2371,カカクコム,TOB疑い,直近20営業日の変動率が、それ以前60営業日の24%まで持続的に低下(単日ジャンプは観測窓内で未検出だが、MBO/TOB等で価格が固定されている疑い・要確認)
2026-07-23,285A,キオクシアホールディングス,価格上限,"株価64,740円が上限20,000円超(1単元647万円)"
2026-07-23,3480,ジェイ・エス・ビー,TOB疑い,直近20営業日の変動率が、それ以前60営業日の3%まで持続的に低下(単日ジャンプは観測窓内で未検出だが、MBO/TOB等で価格が固定されている疑い・要確認)
2026-07-23,4966,上村工業,価格上限,"株価24,330円が上限20,000円超(1単元243万円)"
2026-07-23,5202,日本板硝子,TOB疑い,82営業日前に単日+18%の急騰後、変動率が平常時の12%に急低下(公開買付/M&A等で価格が固定されている疑い・要確認)
2026-07-23,5344,ＭＡＲＵＷＡ,価格上限,"株価59,400円が上限20,000円超(1単元594万円)"
2026-07-23,5706,三井金属,価格上限,"株価33,630円が上限20,000円超(1単元336万円)"
2026-07-23,6787,メイコー,価格上限,"株価24,060円が上限20,000円超(1単元241万円)"
2026-07-23,6806,ヒロセ電機,価格上限,"株価28,270円が上限20,000円超(1単元283万円)"
2026-07-23,6834,精工技研,価格上限,"株価20,730円が上限20,000円超(1単元207万円)"
2026-07-23,7741,ＨＯＹＡ,価格上限,"株価24,760円が上限20,000円超(1単元248万円)"
2026-07-23,8035,東京エレクトロン,価格上限,"株価66,680円が上限20,000円超(1単元667万円)"
2026-07-23,8283,ＰＡＬＴＡＣ,TOB疑い,50営業日前に単日+17%の急騰後、変動率が平常時の26%に急低下(公開買付/M&A等で価格が固定されている疑い・要確認)
2026-07-23,9984,ソフトバンクグループ,高ボラ除外,VI代理>30かつ前夜SOX非反発のため値がさ大型を除外
2026-07-24,1909,日本ドライケミカル,TOB疑い,49営業日前に単日+21%の急騰後、変動率が平常時の18%に急低下(公開買付/M&A等で価格が固定されている疑い・要確認)
2026-07-24,2371,カカクコム,TOB疑い,直近20営業日の変動率が、それ以前60営業日の24%まで持続的に低下(単日ジャンプは観測窓内で未検出だが、MBO/TOB等で価格が固定されている疑い・要確認)
2026-07-24,285A,キオクシアホールディングス,価格上限,"株価61,880円が上限20,000円超(1単元619万円)"
2026-07-24,3480,ジェイ・エス・ビー,TOB疑い,直近20営業日の変動率が、それ以前60営業日の3%まで持続的に低下(単日ジャンプは観測窓内で未検出だが、MBO/TOB等で価格が固定されている疑い・要確認)
2026-07-24,4966,上村工業,価格上限,"株価24,130円が上限20,000円超(1単元241万円)"
2026-07-24,5202,日本板硝子,TOB疑い,82営業日前に単日+18%の急騰後、変動率が平常時の12%に急低下(公開買付/M&A等で価格が固定されている疑い・要確認)
2026-07-24,5344,ＭＡＲＵＷＡ,価格上限,"株価58,440円が上限20,000円超(1単元584万円)"
2026-07-24,6787,メイコー,価格上限,"株価23,820円が上限20,000円超(1単元238万円)"
2026-07-24,6806,ヒロセ電機,価格上限,"株価28,200円が上限20,000円超(1単元282万円)"
2026-07-24,6834,精工技研,価格上限,"株価20,540円が上限20,000円超(1単元205万円)"
2026-07-24,6857,アドバンテスト,価格上限,"株価30,800円が上限20,000円超(1単元308万円)"
2026-07-24,8035,東京エレクトロン,価格上限,"株価65,950円が上限20,000円超(1単元660万円)"
2026-07-24,8283,ＰＡＬＴＡＣ,TOB疑い,50営業日前に単日+17%の急騰後、変動率が平常時の26%に急低下(公開買付/M&A等で価格が固定されている疑い・要確認)
2026-07-24,9435,光通信,価格上限,"株価36,850円が上限20,000円超(1単元368万円)"
2026-07-24,9983,ファーストリテイリング,価格上限,"株価77,090円が上限20,000円超(1単元771万円)"
2026-07-24,9984,ソフトバンクグループ,高ボラ除外,VI代理>30かつ前夜SOX非反発のため値がさ大型を除外
2026-07-24,4613,関西ペイント,セクター分散,同一業種(化学)は2件まで
2026-07-24,1909,日本ドライケミカル,TOB疑い,50営業日前に単日+21%の急騰後、変動率が平常時の18%に急低下(公開買付/M&A等で価格が固定されている疑い・要確認)
2026-07-24,2371,カカクコム,TOB疑い,直近20営業日の変動率が、それ以前60営業日の24%まで持続的に低下(単日ジャンプは観測窓内で未検出だが、MBO/TOB等で価格が固定されている疑い・要確認)
2026-07-24,285A,キオクシアホールディングス,価格上限,"株価56,600円が上限20,000円超(1単元566万円)"
2026-07-24,3480,ジェイ・エス・ビー,TOB疑い,直近20営業日の変動率が、それ以前60営業日の5%まで持続的に低下(単日ジャンプは観測窓内で未検出だが、MBO/TOB等で価格が固定されている疑い・要確認)
2026-07-24,4966,上村工業,価格上限,"株価23,100円が上限20,000円超(1単元231万円)"
2026-07-24,5344,ＭＡＲＵＷＡ,価格上限,"株価57,200円が上限20,000円超(1単元572万円)"
2026-07-24,5706,三井金属,価格上限,"株価31,700円が上限20,000円超(1単元317万円)"
2026-07-24,6146,ディスコ,価格上限,"株価60,020円が上限20,000円超(1単元600万円)"
2026-07-24,6273,ＳＭＣ,価格上限,"株価70,970円が上限20,000円超(1単元710万円)"
2026-07-24,6367,ダイキン工業,価格上限,"株価23,970円が上限20,000円超(1単元240万円)"
2026-07-24,6787,メイコー,価格上限,"株価22,950円が上限20,000円超(1単元230万円)"
2026-07-24,6806,ヒロセ電機,価格上限,"株価28,295円が上限20,000円超(1単元283万円)"
2026-07-24,6834,精工技研,価格上限,"株価20,410円が上限20,000円超(1単元204万円)"
2026-07-24,6856,堀場製作所,価格上限,"株価26,355円が上限20,000円超(1単元264万円)"
2026-07-24,6857,アドバンテスト,価格上限,"株価28,820円が上限20,000円超(1単元288万円)"
2026-07-24,6861,キーエンス,価格上限,"株価71,700円が上限20,000円超(1単元717万円)"
2026-07-24,6920,レーザーテック,価格上限,"株価42,980円が上限20,000円超(1単元430万円)"
2026-07-24,7741,ＨＯＹＡ,価格上限,"株価24,535円が上限20,000円超(1単元245万円)"
2026-07-24,8035,東京エレクトロン,価格上限,"株価62,190円が上限20,000円超(1単元622万円)"
2026-07-24,8283,ＰＡＬＴＡＣ,TOB疑い,51営業日前に単日+17%の急騰後、変動率が平常時の26%に急低下(公開買付/M&A等で価格が固定されている疑い・要確認)
2026-07-24,9435,光通信,価格上限,"株価37,350円が上限20,000円超(1単元374万円)"
2026-07-24,9983,ファーストリテイリング,価格上限,"株価76,830円が上限20,000円超(1単元768万円)"
2026-07-24,2810,ハウス食品グループ本社,ゾーン不成立,ゾーン幅0.28ATRが最低幅0.3ATR未満(帯として成立しない)
2026-07-24,2871,ニチレイ,ゾーン不成立,深い端で入ってもリスク2.1ATRと広すぎる(上限2.0ATR)
2026-07-24,5830,いよぎんホールディングス,ゾーン不成立,深い端で入ってもリスク2.9ATRと広すぎる(上限2.0ATR)
2026-07-24,9984,ソフトバンクグループ,高ボラ除外,VI代理>30かつ前夜SOX非反発のため値がさ大型を除外
2026-07-24,1909,日本ドライケミカル,TOB疑い,50営業日前に単日+21%の急騰後、変動率が平常時の18%に急低下(公開買付/M&A等で価格が固定されている疑い・要確認)
2026-07-24,2371,カカクコム,TOB疑い,直近20営業日の変動率が、それ以前60営業日の24%まで持続的に低下(単日ジャンプは観測窓内で未検出だが、MBO/TOB等で価格が固定されている疑い・要確認)
2026-07-24,285A,キオクシアホールディングス,価格上限,"株価56,010円が上限20,000円超(1単元560万円)"
2026-07-24,3480,ジェイ・エス・ビー,TOB疑い,直近20営業日の変動率が、それ以前60営業日の3%まで持続的に低下(単日ジャンプは観測窓内で未検出だが、MBO/TOB等で価格が固定されている疑い・要確認)
2026-07-24,4966,上村工業,価格上限,"株価23,430円が上限20,000円超(1単元234万円)"
2026-07-24,5344,ＭＡＲＵＷＡ,価格上限,"株価57,560円が上限20,000円超(1単元576万円)"
2026-07-24,5706,三井金属,価格上限,"株価31,910円が上限20,000円超(1単元319万円)"
2026-07-24,6146,ディスコ,価格上限,"株価60,890円が上限20,000円超(1単元609万円)"
2026-07-24,6273,ＳＭＣ,価格上限,"株価70,970円が上限20,000円超(1単元710万円)"
2026-07-24,6367,ダイキン工業,価格上限,"株価23,880円が上限20,000円超(1単元239万円)"
2026-07-24,6787,メイコー,価格上限,"株価23,100円が上限20,000円超(1単元231万円)"
2026-07-24,6806,ヒロセ電機,価格上限,"株価28,340円が上限20,000円超(1単元283万円)"
2026-07-24,6834,精工技研,価格上限,"株価20,540円が上限20,000円超(1単元205万円)"
2026-07-24,6856,堀場製作所,価格上限,"株価26,540円が上限20,000円超(1単元265万円)"
2026-07-24,6857,アドバンテスト,価格上限,"株価28,945円が上限20,000円超(1単元289万円)"
2026-07-24,6861,キーエンス,価格上限,"株価71,820円が上限20,000円超(1単元718万円)"
2026-07-24,6920,レーザーテック,価格上限,"株価43,170円が上限20,000円超(1単元432万円)"
2026-07-24,7741,ＨＯＹＡ,価格上限,"株価24,560円が上限20,000円超(1単元246万円)"
2026-07-24,8035,東京エレクトロン,価格上限,"株価62,660円が上限20,000円超(1単元627万円)"
2026-07-24,8283,ＰＡＬＴＡＣ,TOB疑い,51営業日前に単日+17%の急騰後、変動率が平常時の26%に急低下(公開買付/M&A等で価格が固定されている疑い・要確認)
2026-07-24,9435,光通信,価格上限,"株価37,430円が上限20,000円超(1単元374万円)"
2026-07-24,9983,ファーストリテイリング,価格上限,"株価76,220円が上限20,000円超(1単元762万円)"
2026-07-24,2354,ＹＥ　ＤＩＧＩＴＡＬ,ゾーン不成立,深い端でもリスク幅15.2%と大きい(上限12%)
2026-07-24,2503,キリンホールディングス,ゾーン不成立,ゾーン幅0.21ATRが最低幅0.3ATR未満(帯として成立しない)
2026-07-24,2810,ハウス食品グループ本社,ゾーン不成立,ゾーン幅0.28ATRが最低幅0.3ATR未満(帯として成立しない)
2026-07-24,2871,ニチレイ,ゾーン不成立,深い端で入ってもリスク2.1ATRと広すぎる(上限2.0ATR)
2026-07-24,5830,いよぎんホールディングス,ゾーン不成立,深い端で入ってもリスク2.9ATRと広すぎる(上限2.0ATR)
2026-07-24,6999,ＫＯＡ,ゾーン不成立,現値がすでにゾーン下端を下回る(構造が否定されつつある)
2026-07-24,8388,阿波銀行,ゾーン不成立,深い端で入ってもリスク2.3ATRと広すぎる(上限2.0ATR)
2026-07-24,8544,京葉銀行,ゾーン不成立,深い端で入ってもリスク3.1ATRと広すぎる(上限2.0ATR)
2026-07-24,9984,ソフトバンクグループ,高ボラ除外,VI代理>30かつ前夜SOX非反発のため値がさ大型を除外
2026-07-24,1909,日本ドライケミカル,TOB疑い,50営業日前に単日+21%の急騰後、変動率が平常時の18%に急低下(公開買付/M&A等で価格が固定されている疑い・要確認)
2026-07-24,2371,カカクコム,TOB疑い,直近20営業日の変動率が、それ以前60営業日の24%まで持続的に低下(単日ジャンプは観測窓内で未検出だが、MBO/TOB等で価格が固定されている疑い・要確認)
2026-07-24,285A,キオクシアホールディングス,価格上限,"株価56,010円が上限20,000円超(1単元560万円)"
2026-07-24,3480,ジェイ・エス・ビー,TOB疑い,直近20営業日の変動率が、それ以前60営業日の3%まで持続的に低下(単日ジャンプは観測窓内で未検出だが、MBO/TOB等で価格が固定されている疑い・要確認)
2026-07-24,4966,上村工業,価格上限,"株価23,430円が上限20,000円超(1単元234万円)"
2026-07-24,5344,ＭＡＲＵＷＡ,価格上限,"株価57,560円が上限20,000円超(1単元576万円)"
2026-07-24,5706,三井金属,価格上限,"株価31,910円が上限20,000円超(1単元319万円)"
2026-07-24,6146,ディスコ,価格上限,"株価60,890円が上限20,000円超(1単元609万円)"
2026-07-24,6273,ＳＭＣ,価格上限,"株価70,970円が上限20,000円超(1単元710万円)"
2026-07-24,6367,ダイキン工業,価格上限,"株価23,880円が上限20,000円超(1単元239万円)"
2026-07-24,6787,メイコー,価格上限,"株価23,100円が上限20,000円超(1単元231万円)"
2026-07-24,6806,ヒロセ電機,価格上限,"株価28,340円が上限20,000円超(1単元283万円)"
2026-07-24,6834,精工技研,価格上限,"株価20,540円が上限20,000円超(1単元205万円)"
2026-07-24,6856,堀場製作所,価格上限,"株価26,540円が上限20,000円超(1単元265万円)"
2026-07-24,6857,アドバンテスト,価格上限,"株価28,945円が上限20,000円超(1単元289万円)"
2026-07-24,6861,キーエンス,価格上限,"株価71,820円が上限20,000円超(1単元718万円)"
2026-07-24,6920,レーザーテック,価格上限,"株価43,170円が上限20,000円超(1単元432万円)"
2026-07-24,7741,ＨＯＹＡ,価格上限,"株価24,560円が上限20,000円超(1単元246万円)"
2026-07-24,8035,東京エレクトロン,価格上限,"株価62,660円が上限20,000円超(1単元627万円)"
2026-07-24,8283,ＰＡＬＴＡＣ,TOB疑い,51営業日前に単日+17%の急騰後、変動率が平常時の26%に急低下(公開買付/M&A等で価格が固定されている疑い・要確認)
2026-07-24,9435,光通信,価格上限,"株価37,430円が上限20,000円超(1単元374万円)"
2026-07-24,9983,ファーストリテイリング,価格上限,"株価76,220円が上限20,000円超(1単元762万円)"
2026-07-24,2354,ＹＥ　ＤＩＧＩＴＡＬ,ゾーン不成立,深い端でもリスク幅15.2%と大きい(上限12%)
2026-07-24,2503,キリンホールディングス,ゾーン不成立,ゾーン幅0.21ATRが最低幅0.3ATR未満(帯として成立しない)
2026-07-24,2810,ハウス食品グループ本社,ゾーン不成立,ゾーン幅0.28ATRが最低幅0.3ATR未満(帯として成立しない)
2026-07-24,2871,ニチレイ,ゾーン不成立,深い端で入ってもリスク2.1ATRと広すぎる(上限2.0ATR)
2026-07-24,5830,いよぎんホールディングス,ゾーン不成立,深い端で入ってもリスク2.9ATRと広すぎる(上限2.0ATR)
2026-07-24,6999,ＫＯＡ,ゾーン不成立,現値がすでにゾーン下端を下回る(構造が否定されつつある)
2026-07-24,8388,阿波銀行,ゾーン不成立,深い端で入ってもリスク2.3ATRと広すぎる(上限2.0ATR)
2026-07-24,8544,京葉銀行,ゾーン不成立,深い端で入ってもリスク3.1ATRと広すぎる(上限2.0ATR)
2026-07-24,9984,ソフトバンクグループ,高ボラ除外,VI代理>30かつ前夜SOX非反発のため値がさ大型を除外
2026-07-24,1909,日本ドライケミカル,TOB疑い,50営業日前に単日+21%の急騰後、変動率が平常時の18%に急低下(公開買付/M&A等で価格が固定されている疑い・要確認)
2026-07-24,2371,カカクコム,TOB疑い,直近20営業日の変動率が、それ以前60営業日の24%まで持続的に低下(単日ジャンプは観測窓内で未検出だが、MBO/TOB等で価格が固定されている疑い・要確認)
2026-07-24,285A,キオクシアホールディングス,価格上限,"株価56,010円が上限20,000円超(1単元560万円)"
2026-07-24,3480,ジェイ・エス・ビー,TOB疑い,直近20営業日の変動率が、それ以前60営業日の3%まで持続的に低下(単日ジャンプは観測窓内で未検出だが、MBO/TOB等で価格が固定されている疑い・要確認)
2026-07-24,4966,上村工業,価格上限,"株価23,430円が上限20,000円超(1単元234万円)"
2026-07-24,5344,ＭＡＲＵＷＡ,価格上限,"株価57,560円が上限20,000円超(1単元576万円)"
2026-07-24,5706,三井金属,価格上限,"株価31,910円が上限20,000円超(1単元319万円)"
2026-07-24,6146,ディスコ,価格上限,"株価60,890円が上限20,000円超(1単元609万円)"
2026-07-24,6273,ＳＭＣ,価格上限,"株価70,970円が上限20,000円超(1単元710万円)"
2026-07-24,6367,ダイキン工業,価格上限,"株価23,880円が上限20,000円超(1単元239万円)"
2026-07-24,6787,メイコー,価格上限,"株価23,100円が上限20,000円超(1単元231万円)"
2026-07-24,6806,ヒロセ電機,価格上限,"株価28,340円が上限20,000円超(1単元283万円)"
2026-07-24,6834,精工技研,価格上限,"株価20,540円が上限20,000円超(1単元205万円)"
2026-07-24,6856,堀場製作所,価格上限,"株価26,540円が上限20,000円超(1単元265万円)"
2026-07-24,6857,アドバンテスト,価格上限,"株価28,945円が上限20,000円超(1単元289万円)"
2026-07-24,6861,キーエンス,価格上限,"株価71,820円が上限20,000円超(1単元718万円)"
2026-07-24,6920,レーザーテック,価格上限,"株価43,170円が上限20,000円超(1単元432万円)"
2026-07-24,7741,ＨＯＹＡ,価格上限,"株価24,560円が上限20,000円超(1単元246万円)"
2026-07-24,8035,東京エレクトロン,価格上限,"株価62,660円が上限20,000円超(1単元627万円)"
2026-07-24,8283,ＰＡＬＴＡＣ,TOB疑い,51営業日前に単日+17%の急騰後、変動率が平常時の26%に急低下(公開買付/M&A等で価格が固定されている疑い・要確認)
2026-07-24,9435,光通信,価格上限,"株価37,430円が上限20,000円超(1単元374万円)"
2026-07-24,9983,ファーストリテイリング,価格上限,"株価76,220円が上限20,000円超(1単元762万円)"
2026-07-24,2354,ＹＥ　ＤＩＧＩＴＡＬ,ゾーン不成立,深い端でもリスク幅15.2%と大きい(上限12%)
2026-07-24,2503,キリンホールディングス,ゾーン不成立,ゾーン幅0.21ATRが最低幅0.3ATR未満(帯として成立しない)
2026-07-24,2810,ハウス食品グループ本社,ゾーン不成立,ゾーン幅0.28ATRが最低幅0.3ATR未満(帯として成立しない)
2026-07-24,2871,ニチレイ,ゾーン不成立,深い端で入ってもリスク2.1ATRと広すぎる(上限2.0ATR)
2026-07-24,5830,いよぎんホールディングス,ゾーン不成立,深い端で入ってもリスク2.9ATRと広すぎる(上限2.0ATR)
2026-07-24,6999,ＫＯＡ,ゾーン不成立,現値がすでにゾーン下端を下回る(構造が否定されつつある)
2026-07-24,8388,阿波銀行,ゾーン不成立,深い端で入ってもリスク2.3ATRと広すぎる(上限2.0ATR)
2026-07-24,8544,京葉銀行,ゾーン不成立,深い端で入ってもリスク3.1ATRと広すぎる(上限2.0ATR)
2026-07-24,9984,ソフトバンクグループ,高ボラ除外,VI代理>30かつ前夜SOX非反発のため値がさ大型を除外
2026-07-24,1909,日本ドライケミカル,TOB疑い,50営業日前に単日+21%の急騰後、変動率が平常時の18%に急低下(公開買付/M&A等で価格が固定されている疑い・要確認)
2026-07-24,2371,カカクコム,TOB疑い,直近20営業日の変動率が、それ以前60営業日の24%まで持続的に低下(単日ジャンプは観測窓内で未検出だが、MBO/TOB等で価格が固定されている疑い・要確認)
2026-07-24,285A,キオクシアホールディングス,価格上限,"株価56,010円が上限20,000円超(1単元560万円)"
2026-07-24,3480,ジェイ・エス・ビー,TOB疑い,直近20営業日の変動率が、それ以前60営業日の3%まで持続的に低下(単日ジャンプは観測窓内で未検出だが、MBO/TOB等で価格が固定されている疑い・要確認)
2026-07-24,4966,上村工業,価格上限,"株価23,430円が上限20,000円超(1単元234万円)"
2026-07-24,5344,ＭＡＲＵＷＡ,価格上限,"株価57,560円が上限20,000円超(1単元576万円)"
2026-07-24,5706,三井金属,価格上限,"株価31,910円が上限20,000円超(1単元319万円)"
2026-07-24,6146,ディスコ,価格上限,"株価60,890円が上限20,000円超(1単元609万円)"
2026-07-24,6273,ＳＭＣ,価格上限,"株価70,970円が上限20,000円超(1単元710万円)"
2026-07-24,6367,ダイキン工業,価格上限,"株価23,880円が上限20,000円超(1単元239万円)"
2026-07-24,6787,メイコー,価格上限,"株価23,100円が上限20,000円超(1単元231万円)"
2026-07-24,6806,ヒロセ電機,価格上限,"株価28,340円が上限20,000円超(1単元283万円)"
2026-07-24,6834,精工技研,価格上限,"株価20,540円が上限20,000円超(1単元205万円)"
2026-07-24,6856,堀場製作所,価格上限,"株価26,540円が上限20,000円超(1単元265万円)"
2026-07-24,6857,アドバンテスト,価格上限,"株価28,945円が上限20,000円超(1単元289万円)"
2026-07-24,6861,キーエンス,価格上限,"株価71,820円が上限20,000円超(1単元718万円)"
2026-07-24,6920,レーザーテック,価格上限,"株価43,170円が上限20,000円超(1単元432万円)"
2026-07-24,7741,ＨＯＹＡ,価格上限,"株価24,560円が上限20,000円超(1単元246万円)"
2026-07-24,8035,東京エレクトロン,価格上限,"株価62,660円が上限20,000円超(1単元627万円)"
2026-07-24,8283,ＰＡＬＴＡＣ,TOB疑い,51営業日前に単日+17%の急騰後、変動率が平常時の26%に急低下(公開買付/M&A等で価格が固定されている疑い・要確認)
2026-07-24,9435,光通信,価格上限,"株価37,430円が上限20,000円超(1単元374万円)"
2026-07-24,9983,ファーストリテイリング,価格上限,"株価76,220円が上限20,000円超(1単元762万円)"
2026-07-24,2354,ＹＥ　ＤＩＧＩＴＡＬ,ゾーン不成立,深い端でもリスク幅15.2%と大きい(上限12%)
2026-07-24,2503,キリンホールディングス,ゾーン不成立,ゾーン幅0.21ATRが最低幅0.3ATR未満(帯として成立しない)
2026-07-24,2810,ハウス食品グループ本社,ゾーン不成立,ゾーン幅0.28ATRが最低幅0.3ATR未満(帯として成立しない)
2026-07-24,2871,ニチレイ,ゾーン不成立,深い端で入ってもリスク2.1ATRと広すぎる(上限2.0ATR)
2026-07-24,5830,いよぎんホールディングス,ゾーン不成立,深い端で入ってもリスク2.9ATRと広すぎる(上限2.0ATR)
2026-07-24,6999,ＫＯＡ,ゾーン不成立,現値がすでにゾーン下端を下回る(構造が否定されつつある)
2026-07-24,8388,阿波銀行,ゾーン不成立,深い端で入ってもリスク2.3ATRと広すぎる(上限2.0ATR)
2026-07-24,8544,京葉銀行,ゾーン不成立,深い端で入ってもリスク3.1ATRと広すぎる(上限2.0ATR)
2026-07-24,9984,ソフトバンクグループ,高ボラ除外,VI代理>30かつ前夜SOX非反発のため値がさ大型を除外
2026-07-25,1909,日本ドライケミカル,TOB疑い,49営業日前に単日+21%の急騰後、変動率が平常時の18%に急低下(公開買付/M&A等で価格が固定されている疑い・要確認)
2026-07-25,2371,カカクコム,TOB疑い,直近20営業日の変動率が、それ以前60営業日の24%まで持続的に低下(単日ジャンプは観測窓内で未検出だが、MBO/TOB等で価格が固定されている疑い・要確認)
2026-07-25,285A,キオクシアホールディングス,価格上限,"株価61,880円が上限20,000円超(1単元619万円)"
2026-07-25,3480,ジェイ・エス・ビー,TOB疑い,直近20営業日の変動率が、それ以前60営業日の3%まで持続的に低下(単日ジャンプは観測窓内で未検出だが、MBO/TOB等で価格が固定されている疑い・要確認)
2026-07-25,4966,上村工業,価格上限,"株価24,130円が上限20,000円超(1単元241万円)"
2026-07-25,5202,日本板硝子,TOB疑い,82営業日前に単日+18%の急騰後、変動率が平常時の12%に急低下(公開買付/M&A等で価格が固定されている疑い・要確認)
2026-07-25,5344,ＭＡＲＵＷＡ,価格上限,"株価58,440円が上限20,000円超(1単元584万円)"
2026-07-25,5706,三井金属,価格上限,"株価33,900円が上限20,000円超(1単元339万円)"
2026-07-25,6146,ディスコ,価格上限,"株価69,410円が上限20,000円超(1単元694万円)"
2026-07-25,6273,ＳＭＣ,価格上限,"株価72,960円が上限20,000円超(1単元730万円)"
2026-07-25,6367,ダイキン工業,価格上限,"株価24,115円が上限20,000円超(1単元241万円)"
2026-07-25,6787,メイコー,価格上限,"株価23,820円が上限20,000円超(1単元238万円)"
2026-07-25,6806,ヒロセ電機,価格上限,"株価28,200円が上限20,000円超(1単元282万円)"
2026-07-25,6834,精工技研,価格上限,"株価20,540円が上限20,000円超(1単元205万円)"
2026-07-25,6856,堀場製作所,価格上限,"株価27,085円が上限20,000円超(1単元271万円)"
2026-07-25,6857,アドバンテスト,価格上限,"株価30,800円が上限20,000円超(1単元308万円)"
2026-07-25,6861,キーエンス,価格上限,"株価72,260円が上限20,000円超(1単元723万円)"
2026-07-25,6920,レーザーテック,価格上限,"株価45,130円が上限20,000円超(1単元451万円)"
2026-07-25,7741,ＨＯＹＡ,価格上限,"株価24,840円が上限20,000円超(1単元248万円)"
2026-07-25,8035,東京エレクトロン,価格上限,"株価65,950円が上限20,000円超(1単元660万円)"
2026-07-25,8283,ＰＡＬＴＡＣ,TOB疑い,50営業日前に単日+17%の急騰後、変動率が平常時の26%に急低下(公開買付/M&A等で価格が固定されている疑い・要確認)
2026-07-25,9435,光通信,価格上限,"株価36,850円が上限20,000円超(1単元368万円)"
2026-07-25,9983,ファーストリテイリング,価格上限,"株価77,090円が上限20,000円超(1単元771万円)"
2026-07-25,9984,ソフトバンクグループ,高ボラ除外,VI代理>30かつ前夜SOX非反発のため値がさ大型を除外
2026-07-25,1909,日本ドライケミカル,TOB疑い,49営業日前に単日+21%の急騰後、変動率が平常時の18%に急低下(公開買付/M&A等で価格が固定されている疑い・要確認)
2026-07-25,2371,カカクコム,TOB疑い,直近20営業日の変動率が、それ以前60営業日の24%まで持続的に低下(単日ジャンプは観測窓内で未検出だが、MBO/TOB等で価格が固定されている疑い・要確認)
2026-07-25,285A,キオクシアホールディングス,価格上限,"株価61,880円が上限20,000円超(1単元619万円)"
2026-07-25,3480,ジェイ・エス・ビー,TOB疑い,直近20営業日の変動率が、それ以前60営業日の3%まで持続的に低下(単日ジャンプは観測窓内で未検出だが、MBO/TOB等で価格が固定されている疑い・要確認)
2026-07-25,4966,上村工業,価格上限,"株価24,130円が上限20,000円超(1単元241万円)"
2026-07-25,5202,日本板硝子,TOB疑い,82営業日前に単日+18%の急騰後、変動率が平常時の12%に急低下(公開買付/M&A等で価格が固定されている疑い・要確認)
2026-07-25,5344,ＭＡＲＵＷＡ,価格上限,"株価58,440円が上限20,000円超(1単元584万円)"
2026-07-25,5706,三井金属,価格上限,"株価33,900円が上限20,000円超(1単元339万円)"
2026-07-25,6146,ディスコ,価格上限,"株価69,410円が上限20,000円超(1単元694万円)"
2026-07-25,6273,ＳＭＣ,価格上限,"株価72,960円が上限20,000円超(1単元730万円)"
2026-07-25,6367,ダイキン工業,価格上限,"株価24,115円が上限20,000円超(1単元241万円)"
2026-07-25,6787,メイコー,価格上限,"株価23,820円が上限20,000円超(1単元238万円)"
2026-07-25,6806,ヒロセ電機,価格上限,"株価28,200円が上限20,000円超(1単元282万円)"
2026-07-25,6834,精工技研,価格上限,"株価20,540円が上限20,000円超(1単元205万円)"
2026-07-25,6856,堀場製作所,価格上限,"株価27,085円が上限20,000円超(1単元271万円)"
2026-07-25,6857,アドバンテスト,価格上限,"株価30,800円が上限20,000円超(1単元308万円)"
2026-07-25,6861,キーエンス,価格上限,"株価72,260円が上限20,000円超(1単元723万円)"
2026-07-25,6920,レーザーテック,価格上限,"株価45,130円が上限20,000円超(1単元451万円)"
2026-07-25,7741,ＨＯＹＡ,価格上限,"株価24,840円が上限20,000円超(1単元248万円)"
2026-07-25,8035,東京エレクトロン,価格上限,"株価65,950円が上限20,000円超(1単元660万円)"
2026-07-25,8283,ＰＡＬＴＡＣ,TOB疑い,50営業日前に単日+17%の急騰後、変動率が平常時の26%に急低下(公開買付/M&A等で価格が固定されている疑い・要確認)
2026-07-25,9435,光通信,価格上限,"株価36,850円が上限20,000円超(1単元368万円)"
2026-07-25,9983,ファーストリテイリング,価格上限,"株価77,090円が上限20,000円超(1単元771万円)"
2026-07-25,9984,ソフトバンクグループ,高ボラ除外,VI代理>30かつ前夜SOX非反発のため値がさ大型を除外
2026-07-25,1909,日本ドライケミカル,TOB疑い,49営業日前に単日+21%の急騰後、変動率が平常時の18%に急低下(公開買付/M&A等で価格が固定されている疑い・要確認)
2026-07-25,2371,カカクコム,TOB疑い,直近20営業日の変動率が、それ以前60営業日の24%まで持続的に低下(単日ジャンプは観測窓内で未検出だが、MBO/TOB等で価格が固定されている疑い・要確認)
2026-07-25,285A,キオクシアホールディングス,価格上限,"株価61,880円が上限20,000円超(1単元619万円)"
2026-07-25,3480,ジェイ・エス・ビー,TOB疑い,直近20営業日の変動率が、それ以前60営業日の3%まで持続的に低下(単日ジャンプは観測窓内で未検出だが、MBO/TOB等で価格が固定されている疑い・要確認)
2026-07-25,4966,上村工業,価格上限,"株価24,130円が上限20,000円超(1単元241万円)"
2026-07-25,5202,日本板硝子,TOB疑い,82営業日前に単日+18%の急騰後、変動率が平常時の12%に急低下(公開買付/M&A等で価格が固定されている疑い・要確認)
2026-07-25,5344,ＭＡＲＵＷＡ,価格上限,"株価58,440円が上限20,000円超(1単元584万円)"
2026-07-25,5706,三井金属,価格上限,"株価33,900円が上限20,000円超(1単元339万円)"
2026-07-25,6146,ディスコ,価格上限,"株価69,410円が上限20,000円超(1単元694万円)"
2026-07-25,6273,ＳＭＣ,価格上限,"株価72,960円が上限20,000円超(1単元730万円)"
2026-07-25,6367,ダイキン工業,価格上限,"株価24,115円が上限20,000円超(1単元241万円)"
2026-07-25,6787,メイコー,価格上限,"株価23,820円が上限20,000円超(1単元238万円)"
2026-07-25,6806,ヒロセ電機,価格上限,"株価28,200円が上限20,000円超(1単元282万円)"
2026-07-25,6834,精工技研,価格上限,"株価20,540円が上限20,000円超(1単元205万円)"
2026-07-25,6856,堀場製作所,価格上限,"株価27,085円が上限20,000円超(1単元271万円)"
2026-07-25,6857,アドバンテスト,価格上限,"株価30,800円が上限20,000円超(1単元308万円)"
2026-07-25,6861,キーエンス,価格上限,"株価72,260円が上限20,000円超(1単元723万円)"
2026-07-25,6920,レーザーテック,価格上限,"株価45,130円が上限20,000円超(1単元451万円)"
2026-07-25,7741,ＨＯＹＡ,価格上限,"株価24,840円が上限20,000円超(1単元248万円)"
2026-07-25,8035,東京エレクトロン,価格上限,"株価65,950円が上限20,000円超(1単元660万円)"
2026-07-25,8283,ＰＡＬＴＡＣ,TOB疑い,50営業日前に単日+17%の急騰後、変動率が平常時の26%に急低下(公開買付/M&A等で価格が固定されている疑い・要確認)
2026-07-25,9435,光通信,価格上限,"株価36,850円が上限20,000円超(1単元368万円)"
2026-07-25,9983,ファーストリテイリング,価格上限,"株価77,090円が上限20,000円超(1単元771万円)"
2026-07-25,9984,ソフトバンクグループ,高ボラ除外,VI代理>30かつ前夜SOX非反発のため値がさ大型を除外
2026-07-25,1909,日本ドライケミカル,TOB疑い,50営業日前に単日+21%の急騰後、変動率が平常時の18%に急低下(公開買付/M&A等で価格が固定されている疑い・要確認)
2026-07-25,2371,カカクコム,TOB疑い,直近20営業日の変動率が、それ以前60営業日の24%まで持続的に低下(単日ジャンプは観測窓内で未検出だが、MBO/TOB等で価格が固定されている疑い・要確認)
2026-07-25,285A,キオクシアホールディングス,価格上限,"株価56,010円が上限20,000円超(1単元560万円)"
2026-07-25,3480,ジェイ・エス・ビー,TOB疑い,直近20営業日の変動率が、それ以前60営業日の3%まで持続的に低下(単日ジャンプは観測窓内で未検出だが、MBO/TOB等で価格が固定されている疑い・要確認)
2026-07-25,4966,上村工業,価格上限,"株価23,430円が上限20,000円超(1単元234万円)"
2026-07-25,5344,ＭＡＲＵＷＡ,価格上限,"株価57,560円が上限20,000円超(1単元576万円)"
2026-07-25,5706,三井金属,価格上限,"株価31,910円が上限20,000円超(1単元319万円)"
2026-07-25,6146,ディスコ,価格上限,"株価60,890円が上限20,000円超(1単元609万円)"
2026-07-25,6273,ＳＭＣ,価格上限,"株価70,970円が上限20,000円超(1単元710万円)"
2026-07-25,6367,ダイキン工業,価格上限,"株価23,880円が上限20,000円超(1単元239万円)"
2026-07-25,6787,メイコー,価格上限,"株価23,100円が上限20,000円超(1単元231万円)"
2026-07-25,6806,ヒロセ電機,価格上限,"株価28,340円が上限20,000円超(1単元283万円)"
2026-07-25,6834,精工技研,価格上限,"株価20,540円が上限20,000円超(1単元205万円)"
2026-07-25,6856,堀場製作所,価格上限,"株価26,540円が上限20,000円超(1単元265万円)"
2026-07-25,6857,アドバンテスト,価格上限,"株価28,945円が上限20,000円超(1単元289万円)"
2026-07-25,6861,キーエンス,価格上限,"株価71,820円が上限20,000円超(1単元718万円)"
2026-07-25,6920,レーザーテック,価格上限,"株価43,170円が上限20,000円超(1単元432万円)"
2026-07-25,7741,ＨＯＹＡ,価格上限,"株価24,560円が上限20,000円超(1単元246万円)"
2026-07-25,8035,東京エレクトロン,価格上限,"株価62,660円が上限20,000円超(1単元627万円)"
2026-07-25,8283,ＰＡＬＴＡＣ,TOB疑い,51営業日前に単日+17%の急騰後、変動率が平常時の26%に急低下(公開買付/M&A等で価格が固定されている疑い・要確認)
2026-07-25,9435,光通信,価格上限,"株価37,430円が上限20,000円超(1単元374万円)"
2026-07-25,9983,ファーストリテイリング,価格上限,"株価76,220円が上限20,000円超(1単元762万円)"
2026-07-25,2354,ＹＥ　ＤＩＧＩＴＡＬ,ゾーン不成立,深い端でもリスク幅15.2%と大きい(上限12%)
2026-07-25,2503,キリンホールディングス,ゾーン不成立,ゾーン幅0.21ATRが最低幅0.3ATR未満(帯として成立しない)
2026-07-25,2810,ハウス食品グループ本社,ゾーン不成立,ゾーン幅0.28ATRが最低幅0.3ATR未満(帯として成立しない)
2026-07-25,2871,ニチレイ,ゾーン不成立,深い端で入ってもリスク2.1ATRと広すぎる(上限2.0ATR)
2026-07-25,5830,いよぎんホールディングス,ゾーン不成立,深い端で入ってもリスク2.9ATRと広すぎる(上限2.0ATR)
2026-07-25,6999,ＫＯＡ,ゾーン不成立,現値がすでにゾーン下端を下回る(構造が否定されつつある)
2026-07-25,8388,阿波銀行,ゾーン不成立,深い端で入ってもリスク2.3ATRと広すぎる(上限2.0ATR)
2026-07-25,8544,京葉銀行,ゾーン不成立,深い端で入ってもリスク3.1ATRと広すぎる(上限2.0ATR)
2026-07-25,9984,ソフトバンクグループ,高ボラ除外,VI代理>30かつ前夜SOX非反発のため値がさ大型を除外
2026-07-25,1909,日本ドライケミカル,TOB疑い,50営業日前に単日+21%の急騰後、変動率が平常時の18%に急低下(公開買付/M&A等で価格が固定されている疑い・要確認)
2026-07-25,2371,カカクコム,TOB疑い,直近20営業日の変動率が、それ以前60営業日の24%まで持続的に低下(単日ジャンプは観測窓内で未検出だが、MBO/TOB等で価格が固定されている疑い・要確認)
2026-07-25,285A,キオクシアホールディングス,価格上限,"株価56,010円が上限20,000円超(1単元560万円)"
2026-07-25,3480,ジェイ・エス・ビー,TOB疑い,直近20営業日の変動率が、それ以前60営業日の3%まで持続的に低下(単日ジャンプは観測窓内で未検出だが、MBO/TOB等で価格が固定されている疑い・要確認)
2026-07-25,4966,上村工業,価格上限,"株価23,430円が上限20,000円超(1単元234万円)"
2026-07-25,5344,ＭＡＲＵＷＡ,価格上限,"株価57,560円が上限20,000円超(1単元576万円)"
2026-07-25,5706,三井金属,価格上限,"株価31,910円が上限20,000円超(1単元319万円)"
2026-07-25,6146,ディスコ,価格上限,"株価60,890円が上限20,000円超(1単元609万円)"
2026-07-25,6273,ＳＭＣ,価格上限,"株価70,970円が上限20,000円超(1単元710万円)"
2026-07-25,6367,ダイキン工業,価格上限,"株価23,880円が上限20,000円超(1単元239万円)"
2026-07-25,6787,メイコー,価格上限,"株価23,100円が上限20,000円超(1単元231万円)"
2026-07-25,6806,ヒロセ電機,価格上限,"株価28,340円が上限20,000円超(1単元283万円)"
2026-07-25,6834,精工技研,価格上限,"株価20,540円が上限20,000円超(1単元205万円)"
2026-07-25,6856,堀場製作所,価格上限,"株価26,540円が上限20,000円超(1単元265万円)"
2026-07-25,6857,アドバンテスト,価格上限,"株価28,945円が上限20,000円超(1単元289万円)"
2026-07-25,6861,キーエンス,価格上限,"株価71,820円が上限20,000円超(1単元718万円)"
2026-07-25,6920,レーザーテック,価格上限,"株価43,170円が上限20,000円超(1単元432万円)"
2026-07-25,7741,ＨＯＹＡ,価格上限,"株価24,560円が上限20,000円超(1単元246万円)"
2026-07-25,8035,東京エレクトロン,価格上限,"株価62,660円が上限20,000円超(1単元627万円)"
2026-07-25,8283,ＰＡＬＴＡＣ,TOB疑い,51営業日前に単日+17%の急騰後、変動率が平常時の26%に急低下(公開買付/M&A等で価格が固定されている疑い・要確認)
2026-07-25,9435,光通信,価格上限,"株価37,430円が上限20,000円超(1単元374万円)"
2026-07-25,9983,ファーストリテイリング,価格上限,"株価76,220円が上限20,000円超(1単元762万円)"
2026-07-25,2354,ＹＥ　ＤＩＧＩＴＡＬ,ゾーン不成立,深い端でもリスク幅15.2%と大きい(上限12%)
2026-07-25,2503,キリンホールディングス,ゾーン不成立,ゾーン幅0.21ATRが最低幅0.3ATR未満(帯として成立しない)
2026-07-25,2810,ハウス食品グループ本社,ゾーン不成立,ゾーン幅0.28ATRが最低幅0.3ATR未満(帯として成立しない)
2026-07-25,2871,ニチレイ,ゾーン不成立,深い端で入ってもリスク2.1ATRと広すぎる(上限2.0ATR)
2026-07-25,5830,いよぎんホールディングス,ゾーン不成立,深い端で入ってもリスク2.9ATRと広すぎる(上限2.0ATR)
2026-07-25,6999,ＫＯＡ,ゾーン不成立,現値がすでにゾーン下端を下回る(構造が否定されつつある)
2026-07-25,8388,阿波銀行,ゾーン不成立,深い端で入ってもリスク2.3ATRと広すぎる(上限2.0ATR)
2026-07-25,8544,京葉銀行,ゾーン不成立,深い端で入ってもリスク3.1ATRと広すぎる(上限2.0ATR)
2026-07-25,9984,ソフトバンクグループ,高ボラ除外,VI代理>30かつ前夜SOX非反発のため値がさ大型を除外
2026-07-27,1909,日本ドライケミカル,TOB疑い,50営業日前に単日+21%の急騰後、変動率が平常時の18%に急低下(公開買付/M&A等で価格が固定されている疑い・要確認)
2026-07-27,1948,弘電社,TOB疑い,直近20営業日の変動率が、それ以前60営業日の6%まで持続的に低下(単日ジャンプは観測窓内で未検出だが、MBO/TOB等で価格が固定されている疑い・要確認)
2026-07-27,2371,カカクコム,TOB疑い,直近20営業日の変動率が、それ以前60営業日の24%まで持続的に低下(単日ジャンプは観測窓内で未検出だが、MBO/TOB等で価格が固定されている疑い・要確認)
2026-07-27,285A,キオクシアホールディングス,価格上限,"株価56,010円が上限20,000円超(1単元560万円)"
2026-07-27,3480,ジェイ・エス・ビー,TOB疑い,直近20営業日の変動率が、それ以前60営業日の3%まで持続的に低下(単日ジャンプは観測窓内で未検出だが、MBO/TOB等で価格が固定されている疑い・要確認)
2026-07-27,4966,上村工業,価格上限,"株価23,430円が上限20,000円超(1単元234万円)"
2026-07-27,5202,日本板硝子,TOB疑い,83営業日前に単日+18%の急騰後、変動率が平常時の12%に急低下(公開買付/M&A等で価格が固定されている疑い・要確認)
2026-07-27,5344,ＭＡＲＵＷＡ,価格上限,"株価57,560円が上限20,000円超(1単元576万円)"
2026-07-27,5644,メタルアート,TOB疑い,直近20営業日の変動率が、それ以前60営業日の9%まで持続的に低下(単日ジャンプは観測窓内で未検出だが、MBO/TOB等で価格が固定されている疑い・要確認)
2026-07-27,5706,三井金属,価格上限,"株価31,910円が上限20,000円超(1単元319万円)"
2026-07-27,6146,ディスコ,価格上限,"株価60,890円が上限20,000円超(1単元609万円)"
2026-07-27,6273,ＳＭＣ,価格上限,"株価70,970円が上限20,000円超(1単元710万円)"
2026-07-27,6367,ダイキン工業,価格上限,"株価23,880円が上限20,000円超(1単元239万円)"
2026-07-27,6787,メイコー,価格上限,"株価23,100円が上限20,000円超(1単元231万円)"
2026-07-27,6806,ヒロセ電機,価格上限,"株価28,340円が上限20,000円超(1単元283万円)"
2026-07-27,6834,精工技研,価格上限,"株価20,540円が上限20,000円超(1単元205万円)"
2026-07-27,6856,堀場製作所,価格上限,"株価26,540円が上限20,000円超(1単元265万円)"
2026-07-27,6857,アドバンテスト,価格上限,"株価28,945円が上限20,000円超(1単元289万円)"
2026-07-27,6861,キーエンス,価格上限,"株価71,820円が上限20,000円超(1単元718万円)"
2026-07-27,6920,レーザーテック,価格上限,"株価43,170円が上限20,000円超(1単元432万円)"
2026-07-27,7741,ＨＯＹＡ,価格上限,"株価24,560円が上限20,000円超(1単元246万円)"
2026-07-27,8035,東京エレクトロン,価格上限,"株価62,660円が上限20,000円超(1単元627万円)"
2026-07-27,8283,ＰＡＬＴＡＣ,TOB疑い,51営業日前に単日+17%の急騰後、変動率が平常時の26%に急低下(公開買付/M&A等で価格が固定されている疑い・要確認)
2026-07-27,9435,光通信,価格上限,"株価37,430円が上限20,000円超(1単元374万円)"
2026-07-27,9983,ファーストリテイリング,価格上限,"株価76,220円が上限20,000円超(1単元762万円)"
2026-07-27,1723,日本電技,ゾーン不成立,深い端で入ってもリスク2.0ATRと広すぎる(上限2.0ATR)
2026-07-27,2354,ＹＥ　ＤＩＧＩＴＡＬ,ゾーン不成立,深い端でもリスク幅15.2%と大きい(上限12%)
2026-07-27,2503,キリンホールディングス,ゾーン不成立,ゾーン幅0.21ATRが最低幅0.3ATR未満(帯として成立しない)
2026-07-27,2810,ハウス食品グループ本社,ゾーン不成立,ゾーン幅0.28ATRが最低幅0.3ATR未満(帯として成立しない)
2026-07-27,2871,ニチレイ,ゾーン不成立,深い端で入ってもリスク2.1ATRと広すぎる(上限2.0ATR)
2026-07-27,6999,ＫＯＡ,ゾーン不成立,現値がすでにゾーン下端を下回る(構造が否定されつつある)
2026-07-27,7085,カーブスホールディングス,ゾーン不成立,ゾーン幅0.29ATRが最低幅0.3ATR未満(帯として成立しない)
2026-07-27,9090,ＡＺ－ＣＯＭ丸和ホールディングス,ゾーン不成立,現値がすでにゾーン下端を下回る(構造が否定されつつある)
2026-07-27,9984,ソフトバンクグループ,高ボラ除外,VI代理>30かつ前夜SOX非反発のため値がさ大型を除外
2026-07-27,1909,日本ドライケミカル,TOB疑い,50営業日前に単日+21%の急騰後、変動率が平常時の18%に急低下(公開買付/M&A等で価格が固定されている疑い・要確認)
2026-07-27,1948,弘電社,TOB疑い,直近20営業日の変動率が、それ以前60営業日の6%まで持続的に低下(単日ジャンプは観測窓内で未検出だが、MBO/TOB等で価格が固定されている疑い・要確認)
2026-07-27,2371,カカクコム,TOB疑い,直近20営業日の変動率が、それ以前60営業日の24%まで持続的に低下(単日ジャンプは観測窓内で未検出だが、MBO/TOB等で価格が固定されている疑い・要確認)
2026-07-27,285A,キオクシアホールディングス,価格上限,"株価56,010円が上限20,000円超(1単元560万円)"
2026-07-27,3480,ジェイ・エス・ビー,TOB疑い,直近20営業日の変動率が、それ以前60営業日の3%まで持続的に低下(単日ジャンプは観測窓内で未検出だが、MBO/TOB等で価格が固定されている疑い・要確認)
2026-07-27,4966,上村工業,価格上限,"株価23,430円が上限20,000円超(1単元234万円)"
2026-07-27,5202,日本板硝子,TOB疑い,83営業日前に単日+18%の急騰後、変動率が平常時の12%に急低下(公開買付/M&A等で価格が固定されている疑い・要確認)
2026-07-27,5344,ＭＡＲＵＷＡ,価格上限,"株価57,560円が上限20,000円超(1単元576万円)"
2026-07-27,5644,メタルアート,TOB疑い,直近20営業日の変動率が、それ以前60営業日の9%まで持続的に低下(単日ジャンプは観測窓内で未検出だが、MBO/TOB等で価格が固定されている疑い・要確認)
2026-07-27,5706,三井金属,価格上限,"株価31,910円が上限20,000円超(1単元319万円)"
2026-07-27,6146,ディスコ,価格上限,"株価60,890円が上限20,000円超(1単元609万円)"
2026-07-27,6273,ＳＭＣ,価格上限,"株価70,970円が上限20,000円超(1単元710万円)"
2026-07-27,6367,ダイキン工業,価格上限,"株価23,880円が上限20,000円超(1単元239万円)"
2026-07-27,6787,メイコー,価格上限,"株価23,100円が上限20,000円超(1単元231万円)"
2026-07-27,6806,ヒロセ電機,価格上限,"株価28,340円が上限20,000円超(1単元283万円)"
2026-07-27,6834,精工技研,価格上限,"株価20,540円が上限20,000円超(1単元205万円)"
2026-07-27,6856,堀場製作所,価格上限,"株価26,540円が上限20,000円超(1単元265万円)"
2026-07-27,6857,アドバンテスト,価格上限,"株価28,945円が上限20,000円超(1単元289万円)"
2026-07-27,6861,キーエンス,価格上限,"株価71,820円が上限20,000円超(1単元718万円)"
2026-07-27,6920,レーザーテック,価格上限,"株価43,170円が上限20,000円超(1単元432万円)"
2026-07-27,8035,東京エレクトロン,価格上限,"株価62,660円が上限20,000円超(1単元627万円)"
2026-07-27,8283,ＰＡＬＴＡＣ,TOB疑い,51営業日前に単日+17%の急騰後、変動率が平常時の26%に急低下(公開買付/M&A等で価格が固定されている疑い・要確認)
2026-07-27,9435,光通信,価格上限,"株価37,430円が上限20,000円超(1単元374万円)"
2026-07-27,9983,ファーストリテイリング,価格上限,"株価76,220円が上限20,000円超(1単元762万円)"
2026-07-27,1723,日本電技,ゾーン不成立,深い端で入ってもリスク2.0ATRと広すぎる(上限2.0ATR)
2026-07-27,2354,ＹＥ　ＤＩＧＩＴＡＬ,ゾーン不成立,深い端でもリスク幅15.2%と大きい(上限12%)
2026-07-27,2503,キリンホールディングス,ゾーン不成立,ゾーン幅0.21ATRが最低幅0.3ATR未満(帯として成立しない)
2026-07-27,2810,ハウス食品グループ本社,ゾーン不成立,ゾーン幅0.28ATRが最低幅0.3ATR未満(帯として成立しない)
2026-07-27,2871,ニチレイ,ゾーン不成立,深い端で入ってもリスク2.1ATRと広すぎる(上限2.0ATR)
2026-07-27,6999,ＫＯＡ,ゾーン不成立,現値がすでにゾーン下端を下回る(構造が否定されつつある)
2026-07-27,7085,カーブスホールディングス,ゾーン不成立,ゾーン幅0.29ATRが最低幅0.3ATR未満(帯として成立しない)
2026-07-27,9090,ＡＺ－ＣＯＭ丸和ホールディングス,ゾーン不成立,現値がすでにゾーン下端を下回る(構造が否定されつつある)
2026-07-27,9984,ソフトバンクグループ,高ボラ除外,VI代理>30かつ前夜SOX非反発のため値がさ大型を除外
2026-07-27,1909,日本ドライケミカル,TOB疑い,50営業日前に単日+21%の急騰後、変動率が平常時の18%に急低下(公開買付/M&A等で価格が固定されている疑い・要確認)
2026-07-27,1948,弘電社,TOB疑い,直近20営業日の変動率が、それ以前60営業日の6%まで持続的に低下(単日ジャンプは観測窓内で未検出だが、MBO/TOB等で価格が固定されている疑い・要確認)
2026-07-27,2371,カカクコム,TOB疑い,直近20営業日の変動率が、それ以前60営業日の24%まで持続的に低下(単日ジャンプは観測窓内で未検出だが、MBO/TOB等で価格が固定されている疑い・要確認)
2026-07-27,285A,キオクシアホールディングス,価格上限,"株価56,010円が上限20,000円超(1単元560万円)"
2026-07-27,3480,ジェイ・エス・ビー,TOB疑い,直近20営業日の変動率が、それ以前60営業日の3%まで持続的に低下(単日ジャンプは観測窓内で未検出だが、MBO/TOB等で価格が固定されている疑い・要確認)
2026-07-27,4966,上村工業,価格上限,"株価23,430円が上限20,000円超(1単元234万円)"
2026-07-27,5202,日本板硝子,TOB疑い,83営業日前に単日+18%の急騰後、変動率が平常時の12%に急低下(公開買付/M&A等で価格が固定されている疑い・要確認)
2026-07-27,5344,ＭＡＲＵＷＡ,価格上限,"株価57,560円が上限20,000円超(1単元576万円)"
2026-07-27,5644,メタルアート,TOB疑い,直近20営業日の変動率が、それ以前60営業日の9%まで持続的に低下(単日ジャンプは観測窓内で未検出だが、MBO/TOB等で価格が固定されている疑い・要確認)
2026-07-27,5706,三井金属,価格上限,"株価31,910円が上限20,000円超(1単元319万円)"
2026-07-27,6146,ディスコ,価格上限,"株価60,890円が上限20,000円超(1単元609万円)"
2026-07-27,6273,ＳＭＣ,価格上限,"株価70,970円が上限20,000円超(1単元710万円)"
2026-07-27,6367,ダイキン工業,価格上限,"株価23,880円が上限20,000円超(1単元239万円)"
2026-07-27,6787,メイコー,価格上限,"株価23,100円が上限20,000円超(1単元231万円)"
2026-07-27,6806,ヒロセ電機,価格上限,"株価28,340円が上限20,000円超(1単元283万円)"
2026-07-27,6834,精工技研,価格上限,"株価20,540円が上限20,000円超(1単元205万円)"
2026-07-27,6856,堀場製作所,価格上限,"株価26,540円が上限20,000円超(1単元265万円)"
2026-07-27,6857,アドバンテスト,価格上限,"株価28,945円が上限20,000円超(1単元289万円)"
2026-07-27,6861,キーエンス,価格上限,"株価71,820円が上限20,000円超(1単元718万円)"
2026-07-27,6920,レーザーテック,価格上限,"株価43,170円が上限20,000円超(1単元432万円)"
2026-07-27,8035,東京エレクトロン,価格上限,"株価62,660円が上限20,000円超(1単元627万円)"
2026-07-27,8283,ＰＡＬＴＡＣ,TOB疑い,51営業日前に単日+17%の急騰後、変動率が平常時の26%に急低下(公開買付/M&A等で価格が固定されている疑い・要確認)
2026-07-27,9983,ファーストリテイリング,価格上限,"株価76,220円が上限20,000円超(1単元762万円)"
2026-07-27,1723,日本電技,ゾーン不成立,深い端で入ってもリスク2.0ATRと広すぎる(上限2.0ATR)
2026-07-27,2354,ＹＥ　ＤＩＧＩＴＡＬ,ゾーン不成立,深い端でもリスク幅15.2%と大きい(上限12%)
2026-07-27,2503,キリンホールディングス,ゾーン不成立,ゾーン幅0.21ATRが最低幅0.3ATR未満(帯として成立しない)
2026-07-27,2810,ハウス食品グループ本社,ゾーン不成立,ゾーン幅0.28ATRが最低幅0.3ATR未満(帯として成立しない)
2026-07-27,2871,ニチレイ,ゾーン不成立,深い端で入ってもリスク2.1ATRと広すぎる(上限2.0ATR)
2026-07-27,6999,ＫＯＡ,ゾーン不成立,現値がすでにゾーン下端を下回る(構造が否定されつつある)
2026-07-27,7085,カーブスホールディングス,ゾーン不成立,ゾーン幅0.29ATRが最低幅0.3ATR未満(帯として成立しない)
2026-07-27,9090,ＡＺ－ＣＯＭ丸和ホールディングス,ゾーン不成立,現値がすでにゾーン下端を下回る(構造が否定されつつある)
2026-07-27,1909,日本ドライケミカル,TOB疑い,50営業日前に単日+21%の急騰後、変動率が平常時の18%に急低下(公開買付/M&A等で価格が固定されている疑い・要確認)
2026-07-27,1948,弘電社,TOB疑い,直近20営業日の変動率が、それ以前60営業日の6%まで持続的に低下(単日ジャンプは観測窓内で未検出だが、MBO/TOB等で価格が固定されている疑い・要確認)
2026-07-27,2371,カカクコム,TOB疑い,直近20営業日の変動率が、それ以前60営業日の24%まで持続的に低下(単日ジャンプは観測窓内で未検出だが、MBO/TOB等で価格が固定されている疑い・要確認)
2026-07-27,285A,キオクシアホールディングス,価格上限,"株価56,010円が上限20,000円超(1単元560万円)"
2026-07-27,3480,ジェイ・エス・ビー,TOB疑い,直近20営業日の変動率が、それ以前60営業日の3%まで持続的に低下(単日ジャンプは観測窓内で未検出だが、MBO/TOB等で価格が固定されている疑い・要確認)
2026-07-27,4966,上村工業,価格上限,"株価23,430円が上限20,000円超(1単元234万円)"
2026-07-27,5202,日本板硝子,TOB疑い,83営業日前に単日+18%の急騰後、変動率が平常時の12%に急低下(公開買付/M&A等で価格が固定されている疑い・要確認)
2026-07-27,5344,ＭＡＲＵＷＡ,価格上限,"株価57,560円が上限20,000円超(1単元576万円)"
2026-07-27,5644,メタルアート,TOB疑い,直近20営業日の変動率が、それ以前60営業日の9%まで持続的に低下(単日ジャンプは観測窓内で未検出だが、MBO/TOB等で価格が固定されている疑い・要確認)
2026-07-27,5706,三井金属,価格上限,"株価31,910円が上限20,000円超(1単元319万円)"
2026-07-27,6146,ディスコ,価格上限,"株価60,890円が上限20,000円超(1単元609万円)"
2026-07-27,6273,ＳＭＣ,価格上限,"株価70,970円が上限20,000円超(1単元710万円)"
2026-07-27,6367,ダイキン工業,価格上限,"株価23,880円が上限20,000円超(1単元239万円)"
2026-07-27,6787,メイコー,価格上限,"株価23,100円が上限20,000円超(1単元231万円)"
2026-07-27,6806,ヒロセ電機,価格上限,"株価28,340円が上限20,000円超(1単元283万円)"
2026-07-27,6834,精工技研,価格上限,"株価20,540円が上限20,000円超(1単元205万円)"
2026-07-27,6856,堀場製作所,価格上限,"株価26,540円が上限20,000円超(1単元265万円)"
2026-07-27,6857,アドバンテスト,価格上限,"株価28,945円が上限20,000円超(1単元289万円)"
2026-07-27,6861,キーエンス,価格上限,"株価71,820円が上限20,000円超(1単元718万円)"
2026-07-27,6920,レーザーテック,価格上限,"株価43,170円が上限20,000円超(1単元432万円)"
2026-07-27,7741,ＨＯＹＡ,価格上限,"株価24,560円が上限20,000円超(1単元246万円)"
2026-07-27,8035,東京エレクトロン,価格上限,"株価62,660円が上限20,000円超(1単元627万円)"
2026-07-27,8283,ＰＡＬＴＡＣ,TOB疑い,51営業日前に単日+17%の急騰後、変動率が平常時の26%に急低下(公開買付/M&A等で価格が固定されている疑い・要確認)
2026-07-27,9435,光通信,価格上限,"株価37,430円が上限20,000円超(1単元374万円)"
2026-07-27,9983,ファーストリテイリング,価格上限,"株価76,220円が上限20,000円超(1単元762万円)"
2026-07-27,1723,日本電技,ゾーン不成立,深い端で入ってもリスク2.0ATRと広すぎる(上限2.0ATR)
2026-07-27,2354,ＹＥ　ＤＩＧＩＴＡＬ,ゾーン不成立,深い端でもリスク幅15.2%と大きい(上限12%)
2026-07-27,2503,キリンホールディングス,ゾーン不成立,ゾーン幅0.21ATRが最低幅0.3ATR未満(帯として成立しない)
2026-07-27,2810,ハウス食品グループ本社,ゾーン不成立,ゾーン幅0.28ATRが最低幅0.3ATR未満(帯として成立しない)
2026-07-27,2871,ニチレイ,ゾーン不成立,深い端で入ってもリスク2.1ATRと広すぎる(上限2.0ATR)
2026-07-27,5830,いよぎんホールディングス,ゾーン不成立,深い端で入ってもリスク2.9ATRと広すぎる(上限2.0ATR)
2026-07-27,6999,ＫＯＡ,ゾーン不成立,現値がすでにゾーン下端を下回る(構造が否定されつつある)
2026-07-27,7085,カーブスホールディングス,ゾーン不成立,ゾーン幅0.29ATRが最低幅0.3ATR未満(帯として成立しない)
2026-07-27,8388,阿波銀行,ゾーン不成立,深い端で入ってもリスク2.3ATRと広すぎる(上限2.0ATR)
2026-07-27,8544,京葉銀行,ゾーン不成立,深い端で入ってもリスク3.1ATRと広すぎる(上限2.0ATR)
2026-07-27,8600,トモニホールディングス,ゾーン不成立,深い端で入ってもリスク3.3ATRと広すぎる(上限2.0ATR)
2026-07-27,9090,ＡＺ－ＣＯＭ丸和ホールディングス,ゾーン不成立,現値がすでにゾーン下端を下回る(構造が否定されつつある)
2026-07-27,1909,日本ドライケミカル,TOB疑い,50営業日前に単日+21%の急騰後、変動率が平常時の18%に急低下(公開買付/M&A等で価格が固定されている疑い・要確認)
2026-07-27,1948,弘電社,TOB疑い,直近20営業日の変動率が、それ以前60営業日の6%まで持続的に低下(単日ジャンプは観測窓内で未検出だが、MBO/TOB等で価格が固定されている疑い・要確認)
2026-07-27,2371,カカクコム,TOB疑い,直近20営業日の変動率が、それ以前60営業日の24%まで持続的に低下(単日ジャンプは観測窓内で未検出だが、MBO/TOB等で価格が固定されている疑い・要確認)
2026-07-27,285A,キオクシアホールディングス,価格上限,"株価56,010円が上限20,000円超(1単元560万円)"
2026-07-27,3480,ジェイ・エス・ビー,TOB疑い,直近20営業日の変動率が、それ以前60営業日の3%まで持続的に低下(単日ジャンプは観測窓内で未検出だが、MBO/TOB等で価格が固定されている疑い・要確認)
2026-07-27,4966,上村工業,価格上限,"株価23,430円が上限20,000円超(1単元234万円)"
2026-07-27,5202,日本板硝子,TOB疑い,83営業日前に単日+18%の急騰後、変動率が平常時の12%に急低下(公開買付/M&A等で価格が固定されている疑い・要確認)
2026-07-27,5344,ＭＡＲＵＷＡ,価格上限,"株価57,560円が上限20,000円超(1単元576万円)"
2026-07-27,5644,メタルアート,TOB疑い,直近20営業日の変動率が、それ以前60営業日の9%まで持続的に低下(単日ジャンプは観測窓内で未検出だが、MBO/TOB等で価格が固定されている疑い・要確認)
2026-07-27,5706,三井金属,価格上限,"株価31,910円が上限20,000円超(1単元319万円)"
2026-07-27,6146,ディスコ,価格上限,"株価60,890円が上限20,000円超(1単元609万円)"
2026-07-27,6273,ＳＭＣ,価格上限,"株価70,970円が上限20,000円超(1単元710万円)"
2026-07-27,6367,ダイキン工業,価格上限,"株価23,880円が上限20,000円超(1単元239万円)"
2026-07-27,6787,メイコー,価格上限,"株価23,100円が上限20,000円超(1単元231万円)"
2026-07-27,6806,ヒロセ電機,価格上限,"株価28,340円が上限20,000円超(1単元283万円)"
2026-07-27,6834,精工技研,価格上限,"株価20,540円が上限20,000円超(1単元205万円)"
2026-07-27,6856,堀場製作所,価格上限,"株価26,540円が上限20,000円超(1単元265万円)"
2026-07-27,6857,アドバンテスト,価格上限,"株価28,945円が上限20,000円超(1単元289万円)"
2026-07-27,6861,キーエンス,価格上限,"株価71,820円が上限20,000円超(1単元718万円)"
2026-07-27,6920,レーザーテック,価格上限,"株価43,170円が上限20,000円超(1単元432万円)"
2026-07-27,7741,ＨＯＹＡ,価格上限,"株価24,560円が上限20,000円超(1単元246万円)"
2026-07-27,8035,東京エレクトロン,価格上限,"株価62,660円が上限20,000円超(1単元627万円)"
2026-07-27,8283,ＰＡＬＴＡＣ,TOB疑い,51営業日前に単日+17%の急騰後、変動率が平常時の26%に急低下(公開買付/M&A等で価格が固定されている疑い・要確認)
2026-07-27,9435,光通信,価格上限,"株価37,430円が上限20,000円超(1単元374万円)"
2026-07-27,9983,ファーストリテイリング,価格上限,"株価76,220円が上限20,000円超(1単元762万円)"
2026-07-27,1723,日本電技,ゾーン不成立,深い端で入ってもリスク2.0ATRと広すぎる(上限2.0ATR)
2026-07-27,2354,ＹＥ　ＤＩＧＩＴＡＬ,ゾーン不成立,深い端でもリスク幅15.2%と大きい(上限12%)
2026-07-27,2503,キリンホールディングス,ゾーン不成立,ゾーン幅0.21ATRが最低幅0.3ATR未満(帯として成立しない)
2026-07-27,2810,ハウス食品グループ本社,ゾーン不成立,ゾーン幅0.28ATRが最低幅0.3ATR未満(帯として成立しない)
2026-07-27,2871,ニチレイ,ゾーン不成立,深い端で入ってもリスク2.1ATRと広すぎる(上限2.0ATR)
2026-07-27,6999,ＫＯＡ,ゾーン不成立,現値がすでにゾーン下端を下回る(構造が否定されつつある)
2026-07-27,7085,カーブスホールディングス,ゾーン不成立,ゾーン幅0.29ATRが最低幅0.3ATR未満(帯として成立しない)
2026-07-27,9090,ＡＺ－ＣＯＭ丸和ホールディングス,ゾーン不成立,現値がすでにゾーン下端を下回る(構造が否定されつつある)
2026-07-28,1909,日本ドライケミカル,TOB疑い,51営業日前に単日+21%の急騰後、変動率が平常時の18%に急低下(公開買付/M&A等で価格が固定されている疑い・要確認)
2026-07-28,1948,弘電社,TOB疑い,直近20営業日の変動率が、それ以前60営業日の6%まで持続的に低下(単日ジャンプは観測窓内で未検出だが、MBO/TOB等で価格が固定されている疑い・要確認)
2026-07-28,2371,カカクコム,TOB疑い,直近20営業日の変動率が、それ以前60営業日の24%まで持続的に低下(単日ジャンプは観測窓内で未検出だが、MBO/TOB等で価格が固定されている疑い・要確認)
2026-07-28,285A,キオクシアホールディングス,価格上限,"株価54,550円が上限20,000円超(1単元546万円)"
2026-07-28,3480,ジェイ・エス・ビー,TOB疑い,直近20営業日の変動率が、それ以前60営業日の3%まで持続的に低下(単日ジャンプは観測窓内で未検出だが、MBO/TOB等で価格が固定されている疑い・要確認)
2026-07-28,4966,上村工業,価格上限,"株価23,130円が上限20,000円超(1単元231万円)"
2026-07-28,5202,日本板硝子,TOB疑い,84営業日前に単日+18%の急騰後、変動率が平常時の12%に急低下(公開買付/M&A等で価格が固定されている疑い・要確認)
2026-07-28,5344,ＭＡＲＵＷＡ,価格上限,"株価56,920円が上限20,000円超(1単元569万円)"
2026-07-28,5644,メタルアート,TOB疑い,直近20営業日の変動率が、それ以前60営業日の9%まで持続的に低下(単日ジャンプは観測窓内で未検出だが、MBO/TOB等で価格が固定されている疑い・要確認)
2026-07-28,5706,三井金属,価格上限,"株価31,230円が上限20,000円超(1単元312万円)"
2026-07-28,6146,ディスコ,価格上限,"株価62,650円が上限20,000円超(1単元626万円)"
2026-07-28,6273,ＳＭＣ,価格上限,"株価71,800円が上限20,000円超(1単元718万円)"
2026-07-28,6367,ダイキン工業,価格上限,"株価24,135円が上限20,000円超(1単元241万円)"
2026-07-28,6787,メイコー,価格上限,"株価22,990円が上限20,000円超(1単元230万円)"
2026-07-28,6806,ヒロセ電機,価格上限,"株価28,455円が上限20,000円超(1単元285万円)"
2026-07-28,6834,精工技研,価格上限,"株価20,120円が上限20,000円超(1単元201万円)"
2026-07-28,6856,堀場製作所,価格上限,"株価26,995円が上限20,000円超(1単元270万円)"
2026-07-28,6857,アドバンテスト,価格上限,"株価28,380円が上限20,000円超(1単元284万円)"
2026-07-28,6861,キーエンス,価格上限,"株価74,170円が上限20,000円超(1単元742万円)"
2026-07-28,6920,レーザーテック,価格上限,"株価43,560円が上限20,000円超(1単元436万円)"
2026-07-28,7741,ＨＯＹＡ,価格上限,"株価24,725円が上限20,000円超(1単元247万円)"
2026-07-28,8035,東京エレクトロン,価格上限,"株価62,800円が上限20,000円超(1単元628万円)"
2026-07-28,8283,ＰＡＬＴＡＣ,TOB疑い,52営業日前に単日+17%の急騰後、変動率が平常時の26%に急低下(公開買付/M&A等で価格が固定されている疑い・要確認)
2026-07-28,9435,光通信,価格上限,"株価38,770円が上限20,000円超(1単元388万円)"
2026-07-28,9983,ファーストリテイリング,価格上限,"株価77,370円が上限20,000円超(1単元774万円)"
2026-07-28,1965,テクノ菱和,ゾーン不成立,現値がすでにゾーン下端を下回る(構造が否定されつつある)
2026-07-28,2354,ＹＥ　ＤＩＧＩＴＡＬ,ゾーン不成立,深い端でもリスク幅14.4%と大きい(上限12%)
2026-07-28,2607,不二製油,ゾーン不成立,ゾーン幅0.27ATRが最低幅0.3ATR未満(帯として成立しない)
2026-07-28,2685,アンドエスティＨＤ,ゾーン不成立,ゾーン幅0.21ATRが最低幅0.3ATR未満(帯として成立しない)
2026-07-28,3612,ワールド,ゾーン不成立,ゾーン幅0.23ATRが最低幅0.3ATR未満(帯として成立しない)
2026-07-28,4424,Ａｍａｚｉａ,ゾーン不成立,深い端でもリスク幅16.2%と大きい(上限12%)
2026-07-28,6999,ＫＯＡ,ゾーン不成立,現値がすでにゾーン下端を下回る(構造が否定されつつある)
2026-07-28,8367,南都銀行,ゾーン不成立,深い端で入ってもリスク2.3ATRと広すぎる(上限2.0ATR)
2026-07-28,8370,紀陽銀行,ゾーン不成立,深い端で入ってもリスク2.5ATRと広すぎる(上限2.0ATR)
2026-07-28,8388,阿波銀行,ゾーン不成立,深い端で入ってもリスク3.7ATRと広すぎる(上限2.0ATR)
2026-07-28,8395,佐賀銀行,ゾーン不成立,深い端で入ってもリスク2.5ATRと広すぎる(上限2.0ATR)
2026-07-28,8544,京葉銀行,ゾーン不成立,深い端で入ってもリスク3.4ATRと広すぎる(上限2.0ATR)
2026-07-28,8600,トモニホールディングス,ゾーン不成立,深い端で入ってもリスク3.5ATRと広すぎる(上限2.0ATR)
2026-07-28,8714,池田泉州ホールディングス,ゾーン不成立,深い端で入ってもリスク2.4ATRと広すぎる(上限2.0ATR)
2026-07-28,8923,トーセイ,ゾーン不成立,ゾーン幅0.22ATRが最低幅0.3ATR未満(帯として成立しない)
2026-07-28,9076,セイノーホールディングス,ゾーン不成立,深い端で入ってもリスク2.1ATRと広すぎる(上限2.0ATR)
2026-07-28,9256,サクシード,ゾーン不成立,深い端でもリスク幅15.7%と大きい(上限12%)
2026-07-28,9401,ＴＢＳホールディングス,ゾーン不成立,ゾーン幅0.22ATRが最低幅0.3ATR未満(帯として成立しない)
2026-07-28,9882,イエローハット,ゾーン不成立,ゾーン幅0.26ATRが最低幅0.3ATR未満(帯として成立しない)
2026-07-28,9984,ソフトバンクグループ,高ボラ除外,VI代理>30かつ前夜SOX非反発のため値がさ大型を除外
2026-07-28,3635,コーエーテクモホールディングス,相関集中,材料反応は3件まで
2026-07-28,4046,大阪ソーダ,相関集中,材料反応は3件まで
2026-07-28,5844,京都フィナンシャルグループ,セクター分散,同一業種(銀行業)は2件まで
2026-07-28,6330,東洋エンジニアリング,相関集中,材料反応は3件まで
2026-07-28,6436,アマノ,相関集中,材料反応は3件まで
2026-07-28,6588,東芝テック,相関集中,材料反応は3件まで
2026-07-28,1909,日本ドライケミカル,TOB疑い,51営業日前に単日+21%の急騰後、変動率が平常時の18%に急低下(公開買付/M&A等で価格が固定されている疑い・要確認)
2026-07-28,1948,弘電社,TOB疑い,直近20営業日の変動率が、それ以前60営業日の6%まで持続的に低下(単日ジャンプは観測窓内で未検出だが、MBO/TOB等で価格が固定されている疑い・要確認)
2026-07-28,2371,カカクコム,TOB疑い,直近20営業日の変動率が、それ以前60営業日の24%まで持続的に低下(単日ジャンプは観測窓内で未検出だが、MBO/TOB等で価格が固定されている疑い・要確認)
2026-07-28,285A,キオクシアホールディングス,価格上限,"株価54,550円が上限20,000円超(1単元546万円)"
2026-07-28,3480,ジェイ・エス・ビー,TOB疑い,直近20営業日の変動率が、それ以前60営業日の3%まで持続的に低下(単日ジャンプは観測窓内で未検出だが、MBO/TOB等で価格が固定されている疑い・要確認)
2026-07-28,4966,上村工業,価格上限,"株価23,130円が上限20,000円超(1単元231万円)"
2026-07-28,5202,日本板硝子,TOB疑い,84営業日前に単日+18%の急騰後、変動率が平常時の12%に急低下(公開買付/M&A等で価格が固定されている疑い・要確認)
2026-07-28,5344,ＭＡＲＵＷＡ,価格上限,"株価56,920円が上限20,000円超(1単元569万円)"
2026-07-28,5644,メタルアート,TOB疑い,直近20営業日の変動率が、それ以前60営業日の9%まで持続的に低下(単日ジャンプは観測窓内で未検出だが、MBO/TOB等で価格が固定されている疑い・要確認)
2026-07-28,5706,三井金属,価格上限,"株価31,230円が上限20,000円超(1単元312万円)"
2026-07-28,6146,ディスコ,価格上限,"株価62,650円が上限20,000円超(1単元626万円)"
2026-07-28,6273,ＳＭＣ,価格上限,"株価71,800円が上限20,000円超(1単元718万円)"
2026-07-28,6367,ダイキン工業,価格上限,"株価24,135円が上限20,000円超(1単元241万円)"
2026-07-28,6787,メイコー,価格上限,"株価22,990円が上限20,000円超(1単元230万円)"
2026-07-28,6806,ヒロセ電機,価格上限,"株価28,455円が上限20,000円超(1単元285万円)"
2026-07-28,6834,精工技研,価格上限,"株価20,120円が上限20,000円超(1単元201万円)"
2026-07-28,6856,堀場製作所,価格上限,"株価26,995円が上限20,000円超(1単元270万円)"
2026-07-28,6857,アドバンテスト,価格上限,"株価28,380円が上限20,000円超(1単元284万円)"
2026-07-28,6861,キーエンス,価格上限,"株価74,170円が上限20,000円超(1単元742万円)"
2026-07-28,6920,レーザーテック,価格上限,"株価43,560円が上限20,000円超(1単元436万円)"
2026-07-28,7741,ＨＯＹＡ,価格上限,"株価24,725円が上限20,000円超(1単元247万円)"
2026-07-28,8035,東京エレクトロン,価格上限,"株価62,800円が上限20,000円超(1単元628万円)"
2026-07-28,9983,ファーストリテイリング,価格上限,"株価77,370円が上限20,000円超(1単元774万円)"
2026-07-28,1965,テクノ菱和,ゾーン不成立,現値がすでにゾーン下端を下回る(構造が否定されつつある)
2026-07-28,2354,ＹＥ　ＤＩＧＩＴＡＬ,ゾーン不成立,深い端でもリスク幅14.4%と大きい(上限12%)
2026-07-28,2607,不二製油,ゾーン不成立,ゾーン幅0.27ATRが最低幅0.3ATR未満(帯として成立しない)
2026-07-28,2685,アンドエスティＨＤ,ゾーン不成立,ゾーン幅0.21ATRが最低幅0.3ATR未満(帯として成立しない)
2026-07-28,3612,ワールド,ゾーン不成立,ゾーン幅0.23ATRが最低幅0.3ATR未満(帯として成立しない)
2026-07-28,4424,Ａｍａｚｉａ,ゾーン不成立,深い端でもリスク幅16.2%と大きい(上限12%)
2026-07-28,6999,ＫＯＡ,ゾーン不成立,現値がすでにゾーン下端を下回る(構造が否定されつつある)
2026-07-28,8367,南都銀行,ゾーン不成立,深い端で入ってもリスク2.3ATRと広すぎる(上限2.0ATR)
2026-07-28,8370,紀陽銀行,ゾーン不成立,深い端で入ってもリスク2.5ATRと広すぎる(上限2.0ATR)
2026-07-28,8388,阿波銀行,ゾーン不成立,深い端で入ってもリスク3.7ATRと広すぎる(上限2.0ATR)
2026-07-28,8395,佐賀銀行,ゾーン不成立,深い端で入ってもリスク2.5ATRと広すぎる(上限2.0ATR)
2026-07-28,8544,京葉銀行,ゾーン不成立,深い端で入ってもリスク3.4ATRと広すぎる(上限2.0ATR)
2026-07-28,8600,トモニホールディングス,ゾーン不成立,深い端で入ってもリスク3.5ATRと広すぎる(上限2.0ATR)
2026-07-28,8714,池田泉州ホールディングス,ゾーン不成立,深い端で入ってもリスク2.4ATRと広すぎる(上限2.0ATR)
2026-07-28,8923,トーセイ,ゾーン不成立,ゾーン幅0.22ATRが最低幅0.3ATR未満(帯として成立しない)
2026-07-28,9076,セイノーホールディングス,ゾーン不成立,深い端で入ってもリスク2.1ATRと広すぎる(上限2.0ATR)
2026-07-28,9256,サクシード,ゾーン不成立,深い端でもリスク幅15.7%と大きい(上限12%)
2026-07-28,9401,ＴＢＳホールディングス,ゾーン不成立,ゾーン幅0.22ATRが最低幅0.3ATR未満(帯として成立しない)
2026-07-28,9882,イエローハット,ゾーン不成立,ゾーン幅0.26ATRが最低幅0.3ATR未満(帯として成立しない)
2026-07-28,9984,ソフトバンクグループ,高ボラ除外,VI代理>30かつ前夜SOX非反発のため値がさ大型を除外
2026-07-28,3635,コーエーテクモホールディングス,相関集中,材料反応は3件まで
2026-07-28,4046,大阪ソーダ,相関集中,材料反応は3件まで
2026-07-28,5844,京都フィナンシャルグループ,セクター分散,同一業種(銀行業)は2件まで
2026-07-28,6330,東洋エンジニアリング,相関集中,材料反応は3件まで
2026-07-28,6436,アマノ,相関集中,材料反応は3件まで
2026-07-28,6588,東芝テック,相関集中,材料反応は3件まで
2026-07-28,1909,日本ドライケミカル,TOB疑い,51営業日前に単日+21%の急騰後、変動率が平常時の18%に急低下(公開買付/M&A等で価格が固定されている疑い・要確認)
2026-07-28,1948,弘電社,TOB疑い,直近20営業日の変動率が、それ以前60営業日の6%まで持続的に低下(単日ジャンプは観測窓内で未検出だが、MBO/TOB等で価格が固定されている疑い・要確認)
2026-07-28,2371,カカクコム,TOB疑い,直近20営業日の変動率が、それ以前60営業日の24%まで持続的に低下(単日ジャンプは観測窓内で未検出だが、MBO/TOB等で価格が固定されている疑い・要確認)
2026-07-28,285A,キオクシアホールディングス,価格上限,"株価54,550円が上限20,000円超(1単元546万円)"
2026-07-28,3480,ジェイ・エス・ビー,TOB疑い,直近20営業日の変動率が、それ以前60営業日の3%まで持続的に低下(単日ジャンプは観測窓内で未検出だが、MBO/TOB等で価格が固定されている疑い・要確認)
2026-07-28,4966,上村工業,価格上限,"株価23,130円が上限20,000円超(1単元231万円)"
2026-07-28,5202,日本板硝子,TOB疑い,84営業日前に単日+18%の急騰後、変動率が平常時の12%に急低下(公開買付/M&A等で価格が固定されている疑い・要確認)
2026-07-28,5344,ＭＡＲＵＷＡ,価格上限,"株価56,920円が上限20,000円超(1単元569万円)"
2026-07-28,5644,メタルアート,TOB疑い,直近20営業日の変動率が、それ以前60営業日の9%まで持続的に低下(単日ジャンプは観測窓内で未検出だが、MBO/TOB等で価格が固定されている疑い・要確認)
2026-07-28,5706,三井金属,価格上限,"株価31,230円が上限20,000円超(1単元312万円)"
2026-07-28,6146,ディスコ,価格上限,"株価62,650円が上限20,000円超(1単元626万円)"
2026-07-28,6273,ＳＭＣ,価格上限,"株価71,800円が上限20,000円超(1単元718万円)"
2026-07-28,6367,ダイキン工業,価格上限,"株価24,135円が上限20,000円超(1単元241万円)"
2026-07-28,6787,メイコー,価格上限,"株価22,990円が上限20,000円超(1単元230万円)"
2026-07-28,6806,ヒロセ電機,価格上限,"株価28,455円が上限20,000円超(1単元285万円)"
2026-07-28,6834,精工技研,価格上限,"株価20,120円が上限20,000円超(1単元201万円)"
2026-07-28,6856,堀場製作所,価格上限,"株価26,995円が上限20,000円超(1単元270万円)"
2026-07-28,6857,アドバンテスト,価格上限,"株価28,380円が上限20,000円超(1単元284万円)"
2026-07-28,6861,キーエンス,価格上限,"株価74,170円が上限20,000円超(1単元742万円)"
2026-07-28,6920,レーザーテック,価格上限,"株価43,560円が上限20,000円超(1単元436万円)"
2026-07-28,7741,ＨＯＹＡ,価格上限,"株価24,725円が上限20,000円超(1単元247万円)"
2026-07-28,8035,東京エレクトロン,価格上限,"株価62,800円が上限20,000円超(1単元628万円)"
2026-07-28,8283,ＰＡＬＴＡＣ,TOB疑い,52営業日前に単日+17%の急騰後、変動率が平常時の26%に急低下(公開買付/M&A等で価格が固定されている疑い・要確認)
2026-07-28,9435,光通信,価格上限,"株価38,770円が上限20,000円超(1単元388万円)"
2026-07-28,9983,ファーストリテイリング,価格上限,"株価77,370円が上限20,000円超(1単元774万円)"
2026-07-28,1965,テクノ菱和,ゾーン不成立,現値がすでにゾーン下端を下回る(構造が否定されつつある)
2026-07-28,2354,ＹＥ　ＤＩＧＩＴＡＬ,ゾーン不成立,深い端でもリスク幅14.4%と大きい(上限12%)
2026-07-28,2607,不二製油,ゾーン不成立,ゾーン幅0.27ATRが最低幅0.3ATR未満(帯として成立しない)
2026-07-28,2685,アンドエスティＨＤ,ゾーン不成立,ゾーン幅0.21ATRが最低幅0.3ATR未満(帯として成立しない)
2026-07-28,3612,ワールド,ゾーン不成立,ゾーン幅0.23ATRが最低幅0.3ATR未満(帯として成立しない)
2026-07-28,4424,Ａｍａｚｉａ,ゾーン不成立,深い端でもリスク幅16.2%と大きい(上限12%)
2026-07-28,6999,ＫＯＡ,ゾーン不成立,現値がすでにゾーン下端を下回る(構造が否定されつつある)
2026-07-28,8367,南都銀行,ゾーン不成立,深い端で入ってもリスク2.3ATRと広すぎる(上限2.0ATR)
2026-07-28,8370,紀陽銀行,ゾーン不成立,深い端で入ってもリスク2.5ATRと広すぎる(上限2.0ATR)
2026-07-28,8388,阿波銀行,ゾーン不成立,深い端で入ってもリスク3.7ATRと広すぎる(上限2.0ATR)
2026-07-28,8395,佐賀銀行,ゾーン不成立,深い端で入ってもリスク2.5ATRと広すぎる(上限2.0ATR)
2026-07-28,8544,京葉銀行,ゾーン不成立,深い端で入ってもリスク3.4ATRと広すぎる(上限2.0ATR)
2026-07-28,8600,トモニホールディングス,ゾーン不成立,深い端で入ってもリスク3.5ATRと広すぎる(上限2.0ATR)
2026-07-28,8714,池田泉州ホールディングス,ゾーン不成立,深い端で入ってもリスク2.4ATRと広すぎる(上限2.0ATR)
2026-07-28,8923,トーセイ,ゾーン不成立,ゾーン幅0.22ATRが最低幅0.3ATR未満(帯として成立しない)
2026-07-28,9076,セイノーホールディングス,ゾーン不成立,深い端で入ってもリスク2.1ATRと広すぎる(上限2.0ATR)
2026-07-28,9256,サクシード,ゾーン不成立,深い端でもリスク幅15.7%と大きい(上限12%)
2026-07-28,9401,ＴＢＳホールディングス,ゾーン不成立,ゾーン幅0.22ATRが最低幅0.3ATR未満(帯として成立しない)
2026-07-28,9882,イエローハット,ゾーン不成立,ゾーン幅0.26ATRが最低幅0.3ATR未満(帯として成立しない)
2026-07-28,9984,ソフトバンクグループ,高ボラ除外,VI代理>30かつ前夜SOX非反発のため値がさ大型を除外
2026-07-28,3635,コーエーテクモホールディングス,相関集中,材料反応は3件まで
2026-07-28,4046,大阪ソーダ,相関集中,材料反応は3件まで
2026-07-28,5844,京都フィナンシャルグループ,セクター分散,同一業種(銀行業)は2件まで
2026-07-28,6330,東洋エンジニアリング,相関集中,材料反応は3件まで
2026-07-28,6436,アマノ,相関集中,材料反応は3件まで
2026-07-28,6588,東芝テック,相関集中,材料反応は3件まで
2026-07-28,1909,日本ドライケミカル,TOB疑い,51営業日前に単日+21%の急騰後、変動率が平常時の18%に急低下(公開買付/M&A等で価格が固定されている疑い・要確認)
2026-07-28,1948,弘電社,TOB疑い,直近20営業日の変動率が、それ以前60営業日の6%まで持続的に低下(単日ジャンプは観測窓内で未検出だが、MBO/TOB等で価格が固定されている疑い・要確認)
2026-07-28,2371,カカクコム,TOB疑い,直近20営業日の変動率が、それ以前60営業日の24%まで持続的に低下(単日ジャンプは観測窓内で未検出だが、MBO/TOB等で価格が固定されている疑い・要確認)
2026-07-28,285A,キオクシアホールディングス,価格上限,"株価54,550円が上限20,000円超(1単元546万円)"
2026-07-28,3480,ジェイ・エス・ビー,TOB疑い,直近20営業日の変動率が、それ以前60営業日の3%まで持続的に低下(単日ジャンプは観測窓内で未検出だが、MBO/TOB等で価格が固定されている疑い・要確認)
2026-07-28,4966,上村工業,価格上限,"株価23,130円が上限20,000円超(1単元231万円)"
2026-07-28,5202,日本板硝子,TOB疑い,84営業日前に単日+18%の急騰後、変動率が平常時の12%に急低下(公開買付/M&A等で価格が固定されている疑い・要確認)
2026-07-28,5344,ＭＡＲＵＷＡ,価格上限,"株価56,920円が上限20,000円超(1単元569万円)"
2026-07-28,5644,メタルアート,TOB疑い,直近20営業日の変動率が、それ以前60営業日の9%まで持続的に低下(単日ジャンプは観測窓内で未検出だが、MBO/TOB等で価格が固定されている疑い・要確認)
2026-07-28,5706,三井金属,価格上限,"株価31,230円が上限20,000円超(1単元312万円)"
2026-07-28,6146,ディスコ,価格上限,"株価62,650円が上限20,000円超(1単元626万円)"
2026-07-28,6273,ＳＭＣ,価格上限,"株価71,800円が上限20,000円超(1単元718万円)"
2026-07-28,6367,ダイキン工業,価格上限,"株価24,135円が上限20,000円超(1単元241万円)"
2026-07-28,6787,メイコー,価格上限,"株価22,990円が上限20,000円超(1単元230万円)"
2026-07-28,6806,ヒロセ電機,価格上限,"株価28,455円が上限20,000円超(1単元285万円)"
2026-07-28,6834,精工技研,価格上限,"株価20,120円が上限20,000円超(1単元201万円)"
2026-07-28,6856,堀場製作所,価格上限,"株価26,995円が上限20,000円超(1単元270万円)"
2026-07-28,6857,アドバンテスト,価格上限,"株価28,380円が上限20,000円超(1単元284万円)"
2026-07-28,6861,キーエンス,価格上限,"株価74,170円が上限20,000円超(1単元742万円)"
2026-07-28,6920,レーザーテック,価格上限,"株価43,560円が上限20,000円超(1単元436万円)"
2026-07-28,7741,ＨＯＹＡ,価格上限,"株価24,725円が上限20,000円超(1単元247万円)"
2026-07-28,8035,東京エレクトロン,価格上限,"株価62,800円が上限20,000円超(1単元628万円)"
2026-07-28,8283,ＰＡＬＴＡＣ,TOB疑い,52営業日前に単日+17%の急騰後、変動率が平常時の26%に急低下(公開買付/M&A等で価格が固定されている疑い・要確認)
2026-07-28,9435,光通信,価格上限,"株価38,770円が上限20,000円超(1単元388万円)"
2026-07-28,9983,ファーストリテイリング,価格上限,"株価77,370円が上限20,000円超(1単元774万円)"
2026-07-28,1965,テクノ菱和,ゾーン不成立,現値がすでにゾーン下端を下回る(構造が否定されつつある)
2026-07-28,2354,ＹＥ　ＤＩＧＩＴＡＬ,ゾーン不成立,深い端でもリスク幅14.4%と大きい(上限12%)
2026-07-28,2607,不二製油,ゾーン不成立,ゾーン幅0.27ATRが最低幅0.3ATR未満(帯として成立しない)
2026-07-28,2685,アンドエスティＨＤ,ゾーン不成立,ゾーン幅0.21ATRが最低幅0.3ATR未満(帯として成立しない)
2026-07-28,3612,ワールド,ゾーン不成立,ゾーン幅0.23ATRが最低幅0.3ATR未満(帯として成立しない)
2026-07-28,4424,Ａｍａｚｉａ,ゾーン不成立,深い端でもリスク幅16.2%と大きい(上限12%)
2026-07-28,6999,ＫＯＡ,ゾーン不成立,現値がすでにゾーン下端を下回る(構造が否定されつつある)
2026-07-28,8367,南都銀行,ゾーン不成立,深い端で入ってもリスク2.3ATRと広すぎる(上限2.0ATR)
2026-07-28,8370,紀陽銀行,ゾーン不成立,深い端で入ってもリスク2.5ATRと広すぎる(上限2.0ATR)
2026-07-28,8388,阿波銀行,ゾーン不成立,深い端で入ってもリスク3.7ATRと広すぎる(上限2.0ATR)
2026-07-28,8395,佐賀銀行,ゾーン不成立,深い端で入ってもリスク2.5ATRと広すぎる(上限2.0ATR)
2026-07-28,8544,京葉銀行,ゾーン不成立,深い端で入ってもリスク3.4ATRと広すぎる(上限2.0ATR)
2026-07-28,8600,トモニホールディングス,ゾーン不成立,深い端で入ってもリスク3.5ATRと広すぎる(上限2.0ATR)
2026-07-28,8714,池田泉州ホールディングス,ゾーン不成立,深い端で入ってもリスク2.4ATRと広すぎる(上限2.0ATR)
2026-07-28,8923,トーセイ,ゾーン不成立,ゾーン幅0.22ATRが最低幅0.3ATR未満(帯として成立しない)
2026-07-28,9076,セイノーホールディングス,ゾーン不成立,深い端で入ってもリスク2.1ATRと広すぎる(上限2.0ATR)
2026-07-28,9256,サクシード,ゾーン不成立,深い端でもリスク幅15.7%と大きい(上限12%)
2026-07-28,9401,ＴＢＳホールディングス,ゾーン不成立,ゾーン幅0.22ATRが最低幅0.3ATR未満(帯として成立しない)
2026-07-28,9882,イエローハット,ゾーン不成立,ゾーン幅0.26ATRが最低幅0.3ATR未満(帯として成立しない)
2026-07-28,9984,ソフトバンクグループ,高ボラ除外,VI代理>30かつ前夜SOX非反発のため値がさ大型を除外
2026-07-28,3635,コーエーテクモホールディングス,相関集中,材料反応は3件まで
2026-07-28,4046,大阪ソーダ,相関集中,材料反応は3件まで
2026-07-28,5844,京都フィナンシャルグループ,セクター分散,同一業種(銀行業)は2件まで
2026-07-28,6330,東洋エンジニアリング,相関集中,材料反応は3件まで
2026-07-28,6436,アマノ,相関集中,材料反応は3件まで
2026-07-28,6588,東芝テック,相関集中,材料反応は3件まで
2026-07-29,1909,日本ドライケミカル,TOB疑い,52営業日前に単日+21%の急騰後、変動率が平常時の18%に急低下(公開買付/M&A等で価格が固定されている疑い・要確認)
2026-07-29,1948,弘電社,TOB疑い,直近20営業日の変動率が、それ以前60営業日の6%まで持続的に低下(単日ジャンプは観測窓内で未検出だが、MBO/TOB等で価格が固定されている疑い・要確認)
2026-07-29,2371,カカクコム,TOB疑い,直近20営業日の変動率が、それ以前60営業日の25%まで持続的に低下(単日ジャンプは観測窓内で未検出だが、MBO/TOB等で価格が固定されている疑い・要確認)
2026-07-29,285A,キオクシアホールディングス,価格上限,"株価44,550円が上限20,000円超(1単元446万円)"
2026-07-29,3480,ジェイ・エス・ビー,TOB疑い,直近20営業日の変動率が、それ以前60営業日の3%まで持続的に低下(単日ジャンプは観測窓内で未検出だが、MBO/TOB等で価格が固定されている疑い・要確認)
2026-07-29,4966,上村工業,価格上限,"株価21,630円が上限20,000円超(1単元216万円)"
2026-07-29,5202,日本板硝子,TOB疑い,85営業日前に単日+18%の急騰後、変動率が平常時の12%に急低下(公開買付/M&A等で価格が固定されている疑い・要確認)
2026-07-29,5344,ＭＡＲＵＷＡ,価格上限,"株価52,900円が上限20,000円超(1単元529万円)"
2026-07-29,5644,メタルアート,TOB疑い,直近20営業日の変動率が、それ以前60営業日の10%まで持続的に低下(単日ジャンプは観測窓内で未検出だが、MBO/TOB等で価格が固定されている疑い・要確認)
2026-07-29,5706,三井金属,価格上限,"株価28,010円が上限20,000円超(1単元280万円)"
2026-07-29,6146,ディスコ,価格上限,"株価54,900円が上限20,000円超(1単元549万円)"
2026-07-29,6273,ＳＭＣ,価格上限,"株価65,190円が上限20,000円超(1単元652万円)"
2026-07-29,6367,ダイキン工業,価格上限,"株価23,745円が上限20,000円超(1単元237万円)"
2026-07-29,6787,メイコー,価格上限,"株価20,850円が上限20,000円超(1単元208万円)"
2026-07-29,6806,ヒロセ電機,価格上限,"株価27,180円が上限20,000円超(1単元272万円)"
2026-07-29,6856,堀場製作所,価格上限,"株価24,700円が上限20,000円超(1単元247万円)"
2026-07-29,6857,アドバンテスト,価格上限,"株価25,510円が上限20,000円超(1単元255万円)"
2026-07-29,6861,キーエンス,価格上限,"株価70,950円が上限20,000円超(1単元710万円)"
2026-07-29,6920,レーザーテック,価格上限,"株価37,440円が上限20,000円超(1単元374万円)"
2026-07-29,7741,ＨＯＹＡ,価格上限,"株価23,685円が上限20,000円超(1単元237万円)"
2026-07-29,8035,東京エレクトロン,価格上限,"株価55,920円が上限20,000円超(1単元559万円)"
2026-07-29,8283,ＰＡＬＴＡＣ,TOB疑い,53営業日前に単日+17%の急騰後、変動率が平常時の25%に急低下(公開買付/M&A等で価格が固定されている疑い・要確認)
2026-07-29,9435,光通信,価格上限,"株価38,570円が上限20,000円超(1単元386万円)"
2026-07-29,9766,コナミグループ,価格上限,"株価20,140円が上限20,000円超(1単元201万円)"
2026-07-29,9983,ファーストリテイリング,価格上限,"株価79,950円が上限20,000円超(1単元800万円)"
2026-07-29,1518,三井松島ホールディングス,ゾーン不成立,現値がすでにゾーン下端を下回る(構造が否定されつつある)
2026-07-29,3132,マクニカホールディングス,ゾーン不成立,現値がすでにゾーン下端を下回る(構造が否定されつつある)
2026-07-29,3635,コーエーテクモホールディングス,ゾーン不成立,現値がすでにゾーン下端を下回る(構造が否定されつつある)
2026-07-29,3907,シリコンスタジオ,ゾーン不成立,深い端でもリスク幅15.5%と大きい(上限12%)
2026-07-29,4046,大阪ソーダ,ゾーン不成立,現値がすでにゾーン下端を下回る(構造が否定されつつある)
2026-07-29,5830,いよぎんホールディングス,ゾーン不成立,現値がすでにゾーン下端を下回る(構造が否定されつつある)
2026-07-29,6330,東洋エンジニアリング,ゾーン不成立,現値がすでにゾーン下端を下回る(構造が否定されつつある)
2026-07-29,6436,アマノ,ゾーン不成立,現値がすでにゾーン下端を下回る(構造が否定されつつある)
2026-07-29,6588,東芝テック,ゾーン不成立,現値がすでにゾーン下端を下回る(構造が否定されつつある)
2026-07-29,7751,キヤノン,ゾーン不成立,現値がすでにゾーン下端を下回る(構造が否定されつつある)
2026-07-29,9076,セイノーホールディングス,ゾーン不成立,深い端で入ってもリスク2.2ATRと広すぎる(上限2.0ATR)
2026-07-29,9256,サクシード,ゾーン不成立,深い端でもリスク幅15.8%と大きい(上限12%)
2026-07-29,9984,ソフトバンクグループ,高ボラ除外,VI代理>30かつ前夜SOX非反発のため値がさ大型を除外
2026-07-29,1909,日本ドライケミカル,TOB疑い,52営業日前に単日+21%の急騰後、変動率が平常時の18%に急低下(公開買付/M&A等で価格が固定されている疑い・要確認)
2026-07-29,1948,弘電社,TOB疑い,直近20営業日の変動率が、それ以前60営業日の6%まで持続的に低下(単日ジャンプは観測窓内で未検出だが、MBO/TOB等で価格が固定されている疑い・要確認)
2026-07-29,2371,カカクコム,TOB疑い,直近20営業日の変動率が、それ以前60営業日の25%まで持続的に低下(単日ジャンプは観測窓内で未検出だが、MBO/TOB等で価格が固定されている疑い・要確認)
2026-07-29,285A,キオクシアホールディングス,価格上限,"株価44,550円が上限20,000円超(1単元446万円)"
2026-07-29,3480,ジェイ・エス・ビー,TOB疑い,直近20営業日の変動率が、それ以前60営業日の3%まで持続的に低下(単日ジャンプは観測窓内で未検出だが、MBO/TOB等で価格が固定されている疑い・要確認)
2026-07-29,4966,上村工業,価格上限,"株価21,630円が上限20,000円超(1単元216万円)"
2026-07-29,5202,日本板硝子,TOB疑い,85営業日前に単日+18%の急騰後、変動率が平常時の12%に急低下(公開買付/M&A等で価格が固定されている疑い・要確認)
2026-07-29,5344,ＭＡＲＵＷＡ,価格上限,"株価52,900円が上限20,000円超(1単元529万円)"
2026-07-29,5644,メタルアート,TOB疑い,直近20営業日の変動率が、それ以前60営業日の10%まで持続的に低下(単日ジャンプは観測窓内で未検出だが、MBO/TOB等で価格が固定されている疑い・要確認)
2026-07-29,5706,三井金属,価格上限,"株価28,010円が上限20,000円超(1単元280万円)"
2026-07-29,6146,ディスコ,価格上限,"株価54,900円が上限20,000円超(1単元549万円)"
2026-07-29,6273,ＳＭＣ,価格上限,"株価65,190円が上限20,000円超(1単元652万円)"
2026-07-29,6367,ダイキン工業,価格上限,"株価23,745円が上限20,000円超(1単元237万円)"
2026-07-29,6787,メイコー,価格上限,"株価20,850円が上限20,000円超(1単元208万円)"
2026-07-29,6806,ヒロセ電機,価格上限,"株価27,180円が上限20,000円超(1単元272万円)"
2026-07-29,6856,堀場製作所,価格上限,"株価24,700円が上限20,000円超(1単元247万円)"
2026-07-29,6857,アドバンテスト,価格上限,"株価25,510円が上限20,000円超(1単元255万円)"
2026-07-29,6861,キーエンス,価格上限,"株価70,950円が上限20,000円超(1単元710万円)"
2026-07-29,6920,レーザーテック,価格上限,"株価37,440円が上限20,000円超(1単元374万円)"
2026-07-29,7741,ＨＯＹＡ,価格上限,"株価23,685円が上限20,000円超(1単元237万円)"
2026-07-29,8035,東京エレクトロン,価格上限,"株価55,920円が上限20,000円超(1単元559万円)"
2026-07-29,8283,ＰＡＬＴＡＣ,TOB疑い,53営業日前に単日+17%の急騰後、変動率が平常時の25%に急低下(公開買付/M&A等で価格が固定されている疑い・要確認)
2026-07-29,9435,光通信,価格上限,"株価38,570円が上限20,000円超(1単元386万円)"
2026-07-29,9766,コナミグループ,価格上限,"株価20,140円が上限20,000円超(1単元201万円)"
2026-07-29,9983,ファーストリテイリング,価格上限,"株価79,950円が上限20,000円超(1単元800万円)"
2026-07-29,1518,三井松島ホールディングス,ゾーン不成立,現値がすでにゾーン下端を下回る(構造が否定されつつある)
2026-07-29,3132,マクニカホールディングス,ゾーン不成立,現値がすでにゾーン下端を下回る(構造が否定されつつある)
2026-07-29,3635,コーエーテクモホールディングス,ゾーン不成立,現値がすでにゾーン下端を下回る(構造が否定されつつある)
2026-07-29,3907,シリコンスタジオ,ゾーン不成立,深い端でもリスク幅15.5%と大きい(上限12%)
2026-07-29,4046,大阪ソーダ,ゾーン不成立,現値がすでにゾーン下端を下回る(構造が否定されつつある)
2026-07-29,5830,いよぎんホールディングス,ゾーン不成立,現値がすでにゾーン下端を下回る(構造が否定されつつある)
2026-07-29,6330,東洋エンジニアリング,ゾーン不成立,現値がすでにゾーン下端を下回る(構造が否定されつつある)
2026-07-29,6436,アマノ,ゾーン不成立,現値がすでにゾーン下端を下回る(構造が否定されつつある)
2026-07-29,6588,東芝テック,ゾーン不成立,現値がすでにゾーン下端を下回る(構造が否定されつつある)
2026-07-29,7751,キヤノン,ゾーン不成立,現値がすでにゾーン下端を下回る(構造が否定されつつある)
2026-07-29,9076,セイノーホールディングス,ゾーン不成立,深い端で入ってもリスク2.2ATRと広すぎる(上限2.0ATR)
2026-07-29,9256,サクシード,ゾーン不成立,深い端でもリスク幅15.8%と大きい(上限12%)
2026-07-29,9984,ソフトバンクグループ,高ボラ除外,VI代理>30かつ前夜SOX非反発のため値がさ大型を除外
2026-07-29,1909,日本ドライケミカル,TOB疑い,52営業日前に単日+21%の急騰後、変動率が平常時の18%に急低下(公開買付/M&A等で価格が固定されている疑い・要確認)
2026-07-29,1948,弘電社,TOB疑い,直近20営業日の変動率が、それ以前60営業日の6%まで持続的に低下(単日ジャンプは観測窓内で未検出だが、MBO/TOB等で価格が固定されている疑い・要確認)
2026-07-29,2371,カカクコム,TOB疑い,直近20営業日の変動率が、それ以前60営業日の25%まで持続的に低下(単日ジャンプは観測窓内で未検出だが、MBO/TOB等で価格が固定されている疑い・要確認)
2026-07-29,285A,キオクシアホールディングス,価格上限,"株価44,550円が上限20,000円超(1単元446万円)"
2026-07-29,3480,ジェイ・エス・ビー,TOB疑い,直近20営業日の変動率が、それ以前60営業日の3%まで持続的に低下(単日ジャンプは観測窓内で未検出だが、MBO/TOB等で価格が固定されている疑い・要確認)
2026-07-29,4966,上村工業,価格上限,"株価21,630円が上限20,000円超(1単元216万円)"
2026-07-29,5202,日本板硝子,TOB疑い,85営業日前に単日+18%の急騰後、変動率が平常時の12%に急低下(公開買付/M&A等で価格が固定されている疑い・要確認)
2026-07-29,5344,ＭＡＲＵＷＡ,価格上限,"株価52,900円が上限20,000円超(1単元529万円)"
2026-07-29,5644,メタルアート,TOB疑い,直近20営業日の変動率が、それ以前60営業日の10%まで持続的に低下(単日ジャンプは観測窓内で未検出だが、MBO/TOB等で価格が固定されている疑い・要確認)
2026-07-29,5706,三井金属,価格上限,"株価28,010円が上限20,000円超(1単元280万円)"
2026-07-29,6146,ディスコ,価格上限,"株価54,900円が上限20,000円超(1単元549万円)"
2026-07-29,6273,ＳＭＣ,価格上限,"株価65,190円が上限20,000円超(1単元652万円)"
2026-07-29,6367,ダイキン工業,価格上限,"株価23,745円が上限20,000円超(1単元237万円)"
2026-07-29,6787,メイコー,価格上限,"株価20,850円が上限20,000円超(1単元208万円)"
2026-07-29,6806,ヒロセ電機,価格上限,"株価27,180円が上限20,000円超(1単元272万円)"
2026-07-29,6856,堀場製作所,価格上限,"株価24,700円が上限20,000円超(1単元247万円)"
2026-07-29,6857,アドバンテスト,価格上限,"株価25,510円が上限20,000円超(1単元255万円)"
2026-07-29,6861,キーエンス,価格上限,"株価70,950円が上限20,000円超(1単元710万円)"
2026-07-29,6920,レーザーテック,価格上限,"株価37,440円が上限20,000円超(1単元374万円)"
2026-07-29,7741,ＨＯＹＡ,価格上限,"株価23,685円が上限20,000円超(1単元237万円)"
2026-07-29,8035,東京エレクトロン,価格上限,"株価55,920円が上限20,000円超(1単元559万円)"
2026-07-29,8283,ＰＡＬＴＡＣ,TOB疑い,53営業日前に単日+17%の急騰後、変動率が平常時の25%に急低下(公開買付/M&A等で価格が固定されている疑い・要確認)
2026-07-29,9435,光通信,価格上限,"株価38,570円が上限20,000円超(1単元386万円)"
2026-07-29,9766,コナミグループ,価格上限,"株価20,140円が上限20,000円超(1単元201万円)"
2026-07-29,9983,ファーストリテイリング,価格上限,"株価79,950円が上限20,000円超(1単元800万円)"
2026-07-29,1518,三井松島ホールディングス,ゾーン不成立,現値がすでにゾーン下端を下回る(構造が否定されつつある)
2026-07-29,3132,マクニカホールディングス,ゾーン不成立,現値がすでにゾーン下端を下回る(構造が否定されつつある)
2026-07-29,3635,コーエーテクモホールディングス,ゾーン不成立,現値がすでにゾーン下端を下回る(構造が否定されつつある)
2026-07-29,3907,シリコンスタジオ,ゾーン不成立,深い端でもリスク幅15.5%と大きい(上限12%)
2026-07-29,4046,大阪ソーダ,ゾーン不成立,現値がすでにゾーン下端を下回る(構造が否定されつつある)
2026-07-29,5830,いよぎんホールディングス,ゾーン不成立,現値がすでにゾーン下端を下回る(構造が否定されつつある)
2026-07-29,6330,東洋エンジニアリング,ゾーン不成立,現値がすでにゾーン下端を下回る(構造が否定されつつある)
2026-07-29,6436,アマノ,ゾーン不成立,現値がすでにゾーン下端を下回る(構造が否定されつつある)
2026-07-29,6588,東芝テック,ゾーン不成立,現値がすでにゾーン下端を下回る(構造が否定されつつある)
2026-07-29,7751,キヤノン,ゾーン不成立,現値がすでにゾーン下端を下回る(構造が否定されつつある)
2026-07-29,9076,セイノーホールディングス,ゾーン不成立,深い端で入ってもリスク2.2ATRと広すぎる(上限2.0ATR)
2026-07-29,9256,サクシード,ゾーン不成立,深い端でもリスク幅15.8%と大きい(上限12%)
2026-07-29,9984,ソフトバンクグループ,高ボラ除外,VI代理>30かつ前夜SOX非反発のため値がさ大型を除外
2026-07-29,1909,日本ドライケミカル,TOB疑い,53営業日前に単日+21%の急騰後、変動率が平常時の18%に急低下(公開買付/M&A等で価格が固定されている疑い・要確認)
2026-07-29,1948,弘電社,TOB疑い,直近20営業日の変動率が、それ以前60営業日の6%まで持続的に低下(単日ジャンプは観測窓内で未検出だが、MBO/TOB等で価格が固定されている疑い・要確認)
2026-07-29,2371,カカクコム,TOB疑い,直近20営業日の変動率が、それ以前60営業日の25%まで持続的に低下(単日ジャンプは観測窓内で未検出だが、MBO/TOB等で価格が固定されている疑い・要確認)
2026-07-29,285A,キオクシアホールディングス,価格上限,"株価38,380円が上限20,000円超(1単元384万円)"
2026-07-29,3480,ジェイ・エス・ビー,TOB疑い,直近20営業日の変動率が、それ以前60営業日の3%まで持続的に低下(単日ジャンプは観測窓内で未検出だが、MBO/TOB等で価格が固定されている疑い・要確認)
2026-07-29,4966,上村工業,価格上限,"株価20,230円が上限20,000円超(1単元202万円)"
2026-07-29,5202,日本板硝子,TOB疑い,86営業日前に単日+18%の急騰後、変動率が平常時の12%に急低下(公開買付/M&A等で価格が固定されている疑い・要確認)
2026-07-29,5344,ＭＡＲＵＷＡ,価格上限,"株価50,280円が上限20,000円超(1単元503万円)"
2026-07-29,5644,メタルアート,TOB疑い,直近20営業日の変動率が、それ以前60営業日の11%まで持続的に低下(単日ジャンプは観測窓内で未検出だが、MBO/TOB等で価格が固定されている疑い・要確認)
2026-07-29,5706,三井金属,価格上限,"株価25,665円が上限20,000円超(1単元257万円)"
2026-07-29,6146,ディスコ,価格上限,"株価51,320円が上限20,000円超(1単元513万円)"
2026-07-29,6273,ＳＭＣ,価格上限,"株価64,930円が上限20,000円超(1単元649万円)"
2026-07-29,6367,ダイキン工業,価格上限,"株価23,850円が上限20,000円超(1単元238万円)"
2026-07-29,6806,ヒロセ電機,価格上限,"株価25,980円が上限20,000円超(1単元260万円)"
2026-07-29,6856,堀場製作所,価格上限,"株価23,520円が上限20,000円超(1単元235万円)"
2026-07-29,6857,アドバンテスト,価格上限,"株価25,200円が上限20,000円超(1単元252万円)"
2026-07-29,6861,キーエンス,価格上限,"株価77,590円が上限20,000円超(1単元776万円)"
2026-07-29,6920,レーザーテック,価格上限,"株価34,330円が上限20,000円超(1単元343万円)"
2026-07-29,7309,シマノ,価格上限,"株価21,065円が上限20,000円超(1単元211万円)"
2026-07-29,8035,東京エレクトロン,価格上限,"株価50,000円が上限20,000円超(1単元500万円)"
2026-07-29,8283,ＰＡＬＴＡＣ,TOB疑い,54営業日前に単日+17%の急騰後、変動率が平常時の25%に急低下(公開買付/M&A等で価格が固定されている疑い・要確認)
2026-07-29,9435,光通信,価格上限,"株価40,270円が上限20,000円超(1単元403万円)"
2026-07-29,9766,コナミグループ,価格上限,"株価22,705円が上限20,000円超(1単元227万円)"
2026-07-29,9983,ファーストリテイリング,価格上限,"株価80,400円が上限20,000円超(1単元804万円)"
2026-07-29,2269,明治ホールディングス,ゾーン不成立,深い端で入ってもリスク2.3ATRと広すぎる(上限2.0ATR)
2026-07-29,3087,ドトール・日レスホールディングス,ゾーン不成立,深い端で入ってもリスク3.8ATRと広すぎる(上限2.0ATR)
2026-07-29,3091,ブロンコビリー,ゾーン不成立,深い端で入ってもリスク4.2ATRと広すぎる(上限2.0ATR)
2026-07-29,3191,ジョイフル本田,ゾーン不成立,深い端で入ってもリスク3.4ATRと広すぎる(上限2.0ATR)
2026-07-29,6301,小松製作所,ゾーン不成立,深い端で入ってもリスク2.2ATRと広すぎる(上限2.0ATR)
2026-07-29,7063,Ｂｉｒｄｍａｎ,ゾーン不成立,深い端でもリスク幅18.4%と大きい(上限12%)
2026-07-29,7276,小糸製作所,ゾーン不成立,深い端で入ってもリスク2.3ATRと広すぎる(上限2.0ATR)
2026-07-29,7433,伯東,ゾーン不成立,深い端で入ってもリスク2.1ATRと広すぎる(上限2.0ATR)
2026-07-29,9001,東武鉄道,ゾーン不成立,深い端で入ってもリスク2.8ATRと広すぎる(上限2.0ATR)
2026-07-29,9007,小田急電鉄,ゾーン不成立,深い端で入ってもリスク2.5ATRと広すぎる(上限2.0ATR)
2026-07-29,9031,西日本鉄道,ゾーン不成立,深い端で入ってもリスク2.2ATRと広すぎる(上限2.0ATR)
2026-07-29,9042,阪急阪神ホールディングス,ゾーン不成立,深い端で入ってもリスク2.4ATRと広すぎる(上限2.0ATR)
2026-07-29,9076,セイノーホールディングス,ゾーン不成立,深い端で入ってもリスク2.4ATRと広すぎる(上限2.0ATR)
2026-07-29,9605,東映,ゾーン不成立,深い端で入ってもリスク2.2ATRと広すぎる(上限2.0ATR)
2026-07-29,9828,Ｇｅｎｋｉ　Ｇｌｏｂａｌ　Ｄｉｎｉｎｇ　Ｃｏｎｃｅｐｔｓ,ゾーン不成立,深い端で入ってもリスク2.2ATRと広すぎる(上限2.0ATR)
2026-07-29,9861,吉野家ホールディングス,ゾーン不成立,深い端で入ってもリスク2.3ATRと広すぎる(上限2.0ATR)
2026-07-29,9984,ソフトバンクグループ,高ボラ除外,VI代理>30かつ前夜SOX非反発のため値がさ大型を除外
2026-07-29,2170,リンクアンドモチベーション,相関集中,同一ギャップ日(2026-07-29)は2件まで
2026-07-29,3635,コーエーテクモホールディングス,相関集中,同一ギャップ日(2026-07-29)は2件まで
2026-07-29,7272,ヤマハ発動機,相関集中,同一ギャップ日(2026-07-29)は2件まで
2026-07-29,7956,ピジョン,相関集中,同一ギャップ日(2026-07-29)は2件まで
2026-07-29,8218,コメリ,セクター分散,同一業種(小売業)は2件まで
2026-07-29,8708,アイザワ証券グループ,相関集中,同一ギャップ日(2026-07-29)は2件まで
2026-07-29,9684,スクウェア・エニックス・ホールディングス,相関集中,同一ギャップ日(2026-07-29)は2件まで
2026-07-29,2593,伊藤園,相関集中,同一ギャップ日(2026-07-29)は2件まで
2026-07-29,3479,ティーケーピー,相関集中,同一ギャップ日(2026-07-29)は2件まで
2026-07-29,3762,テクマトリックス,相関集中,同一ギャップ日(2026-07-29)は2件まで
2026-07-29,4290,プレステージ・インターナショナル,相関集中,同一ギャップ日(2026-07-29)は2件まで
2026-07-29,4324,電通グループ,相関集中,同一ギャップ日(2026-07-29)は2件まで
2026-07-29,5108,ブリヂストン,相関集中,同一ギャップ日(2026-07-29)は2件まで
2026-07-29,6902,デンソー,相関集中,同一ギャップ日(2026-07-29)は2件まで
2026-07-29,7203,トヨタ自動車,相関集中,同一ギャップ日(2026-07-29)は2件まで
2026-07-29,7270,ＳＵＢＡＲＵ,相関集中,同一ギャップ日(2026-07-29)は2件まで
2026-07-29,9678,カナモト,相関集中,同一ギャップ日(2026-07-29)は2件まで
2026-07-29,9889,ＪＢＣＣホールディングス,相関集中,同一ギャップ日(2026-07-29)は2件まで
2026-07-29,1878,大東建託,相関集中,同一ギャップ日(2026-07-29)は2件まで
2026-07-29,2685,アンドエスティＨＤ,セクター分散,同一業種(小売業)は2件まで
2026-07-29,4527,ロート製薬,相関集中,同一ギャップ日(2026-07-29)は2件まで
2026-07-29,4776,サイボウズ,相関集中,同一ギャップ日(2026-07-29)は2件まで
2026-07-29,6088,シグマクシス・ホールディングス,相関集中,同一ギャップ日(2026-07-29)は2件まで
2026-07-29,6417,ＳＡＮＫＹＯ,相関集中,同一ギャップ日(2026-07-29)は2件まで
2026-07-29,6460,セガサミーホールディングス,相関集中,同一ギャップ日(2026-07-29)は2件まで
